,ID,Ss,Ns
0,3300002091_____JGI24028J26656_1000152_____JGI24028J_26656_100015226_CDS,707,2506
1,3300002091_____JGI24028J26656_1000152_____JGI24028J_26656_10001521_CDS,446,1615
2,3300002091_____JGI24028J26656_1000152_____JGI24028J_26656_10001522_CDS,88,344
3,3300002301_____JGI24891J29808_1000608_____JGI24891J_29808_10006089_CDS,139,590
4,3300002307_____JGI24890J29729_1000225_____JGI24890J_29729_100022511_CDS,599,2317
5,3300002307_____JGI24890J29729_1000712_____JGI24890J_29729_10007126_CDS,361,1250
6,3300003375_____JGI26470J50227_1000268_____JGI26470J_50227_10002683_CDS,165,759
7,3300003375_____JGI26470J50227_1000846_____JGI26470J_50227_10008463_CDS,73,350
8,3300003852_____Ga0031655_10000867_____Ga0031655_100_0086710_CDS,211,896
9,3300003852_____Ga0031655_10001695_____Ga0031655_100_0169511_CDS,372,1617
10,3300003852_____Ga0031655_10001695_____Ga0031655_100_0169512_CDS,183,807
11,3300003860_____Ga0031658_1000156_____Ga0031658_1000_15610_CDS,157,689
12,3300004770_____Ga0007804_1000288_____Ga0007804_1000_2889_CDS,1800,5904
13,3300005527_____Ga0068876_10000772_____Ga0068876_100_0077224_CDS,201,744
14,3300005528_____Ga0068872_10004467_____Ga0068872_100_044677_CDS,182,736
15,3300005662_____Ga0078894_10001308_____Ga0078894_100_0130816_CDS,299,997
16,3300005861_____Ga0080006_1175989_____Ga0080006_1175_9896_CDS,343,1088
17,3300005861_____Ga0080006_1175989_____Ga0080006_1175_9899_CDS,311,1030
18,3300005861_____Ga0080006_1175989_____Ga0080006_1175_9897_CDS,296,1000
19,3300005861_____Ga0080006_1218239_____Ga0080006_1218_2393_CDS,904,3524
20,3300005861_____Ga0080006_1218239_____Ga0080006_1218_2397_CDS,651,2193
21,3300005861_____Ga0080006_1218239_____Ga0080006_1218_23910_CDS,349,1163
22,3300005861_____Ga0080006_1218239_____Ga0080006_1218_2398_CDS,333,1161
23,3300005861_____Ga0080006_1218239_____Ga0080006_1218_23916_CDS,88,326
24,3300006109_____Ga0007870_1000379_____Ga0007870_1000_37910_CDS,1584,5400
25,3300006116_____Ga0007807_1000493_____Ga0007807_1000_49320_CDS,181,674
26,3300006116_____Ga0007807_1000493_____Ga0007807_1000_49316_CDS,185,562
27,3300006117_____Ga0007818_1000137_____Ga0007818_1000_13712_CDS,143,514
28,3300006484_____Ga0070744_10000380_____Ga0070744_100_003809_CDS,208,800
29,3300006484_____Ga0070744_10000380_____Ga0070744_100_003805_CDS,105,462
30,3300006802_____Ga0070749_10000650_____Ga0070749_100_006509_CDS,526,2309
31,3300006802_____Ga0070749_10001201_____Ga0070749_100_012017_CDS,328,1148
32,3300006802_____Ga0070749_10001201_____Ga0070749_100_012012_CDS,124,686
33,3300006802_____Ga0070749_10001496_____Ga0070749_100_0149618_CDS,166,797
34,3300006802_____Ga0070749_10001496_____Ga0070749_100_014963_CDS,114,525
35,3300007276_____Ga0070747_1000780_____Ga0070747_1000_7804_CDS,1191,4119
36,3300007344_____Ga0070745_1001298_____Ga0070745_1001_2983_CDS,2542,7916
37,3300007344_____Ga0070745_1001298_____Ga0070745_1001_2981_CDS,627,1839
38,3300007540_____Ga0099847_1000087_____Ga0099847_1000_0871_CDS,117,549
39,3300007541_____Ga0099848_1000221_____Ga0099848_1000_2218_CDS,332,1180
40,3300007541_____Ga0099848_1000221_____Ga0099848_1000_22129_CDS,151,731
41,3300007541_____Ga0099848_1000221_____Ga0099848_1000_22124_CDS,124,533
42,3300007541_____Ga0099848_1000347_____Ga0099848_1000_34712_CDS,294,948
43,3300007541_____Ga0099848_1000347_____Ga0099848_1000_3475_CDS,217,953
44,3300007541_____Ga0099848_1000347_____Ga0099848_1000_34722_CDS,150,507
45,3300007541_____Ga0099848_1000347_____Ga0099848_1000_34723_CDS,146,394
46,3300007541_____Ga0099848_1000347_____Ga0099848_1000_3477_CDS,81,342
47,3300007541_____Ga0099848_1001104_____Ga0099848_1001_1045_CDS,612,3060
48,3300007541_____Ga0099848_1001120_____Ga0099848_1001_12015_CDS,558,2232
49,3300007541_____Ga0099848_1001120_____Ga0099848_1001_12011_CDS,309,1068
50,3300007541_____Ga0099848_1001706_____Ga0099848_1001_70610_CDS,296,1126
51,3300007542_____Ga0099846_1001258_____Ga0099846_1001_2588_CDS,492,1470
52,3300007542_____Ga0099846_1001258_____Ga0099846_1001_2582_CDS,304,974
53,3300007640_____Ga0070751_1001973_____Ga0070751_1001_9739_CDS,392,1102
54,3300009151_____Ga0114962_10000711_____Ga0114962_100_007116_CDS,303,840
55,3300009151_____Ga0114962_10002354_____Ga0114962_100_023547_CDS,688,2012
56,3300009151_____Ga0114962_10002354_____Ga0114962_100_0235414_CDS,334,890
57,3300009154_____Ga0114963_10000410_____Ga0114963_100_0041028_CDS,980,3394
58,3300009154_____Ga0114963_10000410_____Ga0114963_100_004102_CDS,228,933
59,3300009154_____Ga0114963_10000678_____Ga0114963_100_0067812_CDS,57,258
60,3300009154_____Ga0114963_10002531_____Ga0114963_100_0253112_CDS,168,561
61,3300009159_____Ga0114978_10000595_____Ga0114978_100_0059529_CDS,326,1249
62,3300009159_____Ga0114978_10000595_____Ga0114978_100_0059511_CDS,155,772
63,3300009160_____Ga0114981_10000712_____Ga0114981_100_0071224_CDS,350,1657
64,3300009160_____Ga0114981_10000712_____Ga0114981_100_0071213_CDS,333,1215
65,3300009160_____Ga0114981_10001071_____Ga0114981_100_0107112_CDS,601,2288
66,3300009163_____Ga0114970_10001276_____Ga0114970_100_0127611_CDS,338,1237
67,3300009164_____Ga0114975_10000616_____Ga0114975_100_006164_CDS,145,458
68,3300009180_____Ga0114979_10001868_____Ga0114979_100_018687_CDS,154,611
69,3300009181_____Ga0114969_10000735_____Ga0114969_100_007352_CDS,378,1359
70,3300009181_____Ga0114969_10004951_____Ga0114969_100_0495112_CDS,338,1444
71,3300009181_____Ga0114969_10004951_____Ga0114969_100_049515_CDS,254,1186
72,3300009181_____Ga0114969_10005414_____Ga0114969_100_054142_CDS,437,1444
73,3300009182_____Ga0114959_10002192_____Ga0114959_100_0219212_CDS,246,1086
74,3300009184_____Ga0114976_10001516_____Ga0114976_100_015165_CDS,825,2469
75,3300009184_____Ga0114976_10001516_____Ga0114976_100_015164_CDS,220,797
76,3300009185_____Ga0114971_10002619_____Ga0114971_100_026196_CDS,209,628
77,3300009413_____Ga0114902_1000298_____Ga0114902_1000_29821_CDS,671,2254
78,3300009413_____Ga0114902_1000298_____Ga0114902_1000_29816_CDS,262,1313
79,3300009413_____Ga0114902_1000298_____Ga0114902_1000_29828_CDS,199,1007
80,3300009505_____Ga0115564_10005294_____Ga0115564_100_052947_CDS,468,1800
81,3300009526_____Ga0115004_10002853_____Ga0115004_100_0285311_CDS,617,2101
82,3300009526_____Ga0115004_10002853_____Ga0115004_100_0285319_CDS,255,1158
83,3300009526_____Ga0115004_10002853_____Ga0115004_100_028531_CDS,214,893
84,3300009526_____Ga0115004_10002853_____Ga0115004_100_028533_CDS,184,824
85,3300009618_____Ga0116127_1001084_____Ga0116127_1001_08415_CDS,614,2185
86,3300009781_____Ga0116178_10003357_____Ga0116178_100_033573_CDS,369,1179
87,3300010157_____Ga0114964_10000624_____Ga0114964_100_006241_CDS,457,1361
88,3300010157_____Ga0114964_10002671_____Ga0114964_100_0267110_CDS,417,1311
89,3300010334_____Ga0136644_10000572_____Ga0136644_100_0057223_CDS,163,764
90,3300010885_____Ga0133913_10009803_____Ga0133913_100_098033_CDS,113,436
91,3300012147_____Ga0136588_1000554_____Ga0136588_1000_55410_CDS,568,2105
92,3300013093_____Ga0164296_1005418_____Ga0164296_1005_4181_CDS,414,1458
93,3300013094_____Ga0164297_10003112_____Ga0164297_100_0311212_CDS,1464,5673
94,3300013094_____Ga0164297_10003112_____Ga0164297_100_031124_CDS,152,685
95,3300013094_____Ga0164297_10004528_____Ga0164297_100_045289_CDS,1622,4651
96,3300013094_____Ga0164297_10004528_____Ga0164297_100_045283_CDS,424,1502
97,3300013094_____Ga0164297_10004763_____Ga0164297_100_047631_CDS,592,1523
98,3300013099_____Ga0164315_10002992_____Ga0164315_100_029922_CDS,1154,4057
99,3300013131_____Ga0172373_10004492_____Ga0172373_100_044926_CDS,407,1267
100,3300013132_____Ga0172372_10006529_____Ga0172372_100_065292_CDS,93,447
101,3300002091_____JGI24028J26656_1000152_____JGI24028J_26656_100015214_CDS,1467,4365
102,3300002091_____JGI24028J26656_1000154_____JGI24028J_26656_100015422_CDS,1593,4671
103,3300002091_____JGI24028J26656_1000582_____JGI24028J_26656_10005825_CDS,1330,3998
104,3300002092_____JGI24218J26658_1000335_____JGI24218J_26658_100033519_CDS,1401,4200
105,3300002301_____JGI24891J29808_1000717_____JGI24891J_29808_100071710_CDS,1584,4689
106,3300002307_____JGI24890J29729_1000225_____JGI24890J_29729_10002257_CDS,1145,3526
107,3300002307_____JGI24890J29729_1000225_____JGI24890J_29729_10002256_CDS,155,565
108,3300002307_____JGI24890J29729_1000626_____JGI24890J_29729_10006266_CDS,1618,4952
109,3300002307_____JGI24890J29729_1000712_____JGI24890J_29729_100071216_CDS,1528,4784
110,3300003375_____JGI26470J50227_1000846_____JGI26470J_50227_100084614_CDS,625,1931
111,3300003820_____Ga0007863_1000046_____Ga0007863_1000_04627_CDS,1238,4099
112,3300003820_____Ga0007863_1000076_____Ga0007863_1000_0764_CDS,1498,4568
113,3300003852_____Ga0031655_10001695_____Ga0031655_100_016956_CDS,1170,3780
114,3300004807_____Ga0007809_10000678_____Ga0007809_100_006781_CDS,1235,4057
115,3300005528_____Ga0068872_10004051_____Ga0068872_100_0405114_CDS,961,3125
116,3300005528_____Ga0068872_10004467_____Ga0068872_100_044674_CDS,1215,3987
117,3300005662_____Ga0078894_10001308_____Ga0078894_100_013088_CDS,1256,4423
118,3300005662_____Ga0078894_10003625_____Ga0078894_100_036259_CDS,1253,4372
119,3300005861_____Ga0080006_1175989_____Ga0080006_1175_9898_CDS,1203,4107
120,3300005861_____Ga0080006_1218239_____Ga0080006_1218_2399_CDS,1344,4488
121,3300005931_____Ga0075119_1001447_____Ga0075119_1001_4475_CDS,1196,4069
122,3300006109_____Ga0007870_1000379_____Ga0007870_1000_37915_CDS,1143,3582
123,3300006116_____Ga0007807_1000478_____Ga0007807_1000_4782_CDS,1436,4360
124,3300006116_____Ga0007807_1000493_____Ga0007807_1000_49321_CDS,845,2494
125,3300006127_____Ga0007805_1000719_____Ga0007805_1000_71912_CDS,1436,4360
126,3300006484_____Ga0070744_10000380_____Ga0070744_100_003802_CDS,1214,4069
127,3300006802_____Ga0070749_10001496_____Ga0070749_100_014967_CDS,1066,3848
128,3300006802_____Ga0070749_10002953_____Ga0070749_100_029538_CDS,1080,3915
129,3300006802_____Ga0070749_10003404_____Ga0070749_100_034042_CDS,1203,3945
130,3300006916_____Ga0070750_10000267_____Ga0070750_100_002674_CDS,1252,3977
131,3300006920_____Ga0070748_1000325_____Ga0070748_1000_32532_CDS,1174,3686
132,3300007074_____Ga0075110_1001386_____Ga0075110_1001_38611_CDS,1237,3866
133,3300007344_____Ga0070745_1001298_____Ga0070745_1001_2987_CDS,1499,4684
134,3300007344_____Ga0070745_1001298_____Ga0070745_1001_2986_CDS,1252,4067
135,3300007344_____Ga0070745_1002316_____Ga0070745_1002_31610_CDS,1113,3747
136,3300007345_____Ga0070752_1001124_____Ga0070752_1001_12411_CDS,1184,3946
137,3300007516_____Ga0105050_10007389_____Ga0105050_100_073892_CDS,1406,4192
138,3300007540_____Ga0099847_1000087_____Ga0099847_1000_08717_CDS,1181,4003
139,3300007540_____Ga0099847_1000567_____Ga0099847_1000_5677_CDS,1198,3923
140,3300007540_____Ga0099847_1000701_____Ga0099847_1000_7013_CDS,1172,3949
141,3300007541_____Ga0099848_1000221_____Ga0099848_1000_22117_CDS,1169,3727
142,3300007541_____Ga0099848_1000347_____Ga0099848_1000_3479_CDS,1227,3993
143,3300007541_____Ga0099848_1001706_____Ga0099848_1001_7064_CDS,1170,3888
144,3300007542_____Ga0099846_1001258_____Ga0099846_1001_25811_CDS,1125,3762
145,3300007722_____Ga0105051_10006406_____Ga0105051_100_0640611_CDS,1265,3991
146,3300009068_____Ga0114973_10000749_____Ga0114973_100_0074913_CDS,1341,4176
147,3300009151_____Ga0114962_10000711_____Ga0114962_100_0071127_CDS,1703,5173
148,3300009151_____Ga0114962_10002354_____Ga0114962_100_0235412_CDS,2116,6290
149,3300009151_____Ga0114962_10002359_____Ga0114962_100_023598_CDS,1341,4716
150,3300009151_____Ga0114962_10002859_____Ga0114962_100_0285910_CDS,1470,4542
151,3300009152_____Ga0114980_10001820_____Ga0114980_100_018209_CDS,1170,3780
152,3300009154_____Ga0114963_10000678_____Ga0114963_100_006786_CDS,1260,4293
153,3300009154_____Ga0114963_10000931_____Ga0114963_100_009312_CDS,1280,4048
154,3300009154_____Ga0114963_10002494_____Ga0114963_100_024946_CDS,1206,4032
155,3300009155_____Ga0114968_10000753_____Ga0114968_100_0075323_CDS,1958,5998
156,3300009160_____Ga0114981_10000712_____Ga0114981_100_007125_CDS,1274,3838
157,3300009160_____Ga0114981_10001071_____Ga0114981_100_010719_CDS,1266,4071
158,3300009163_____Ga0114970_10000439_____Ga0114970_100_0043927_CDS,1240,3944
159,3300009164_____Ga0114975_10000616_____Ga0114975_100_0061622_CDS,2008,6380
160,3300009180_____Ga0114979_10001868_____Ga0114979_100_0186813_CDS,1393,4205
161,3300009181_____Ga0114969_10005414_____Ga0114969_100_054144_CDS,1165,3560
162,3300009182_____Ga0114959_10001102_____Ga0114959_100_011029_CDS,876,3156
163,3300009182_____Ga0114959_10002038_____Ga0114959_100_0203813_CDS,1293,4323
164,3300009182_____Ga0114959_10002069_____Ga0114959_100_0206920_CDS,1250,4123
165,3300009183_____Ga0114974_10004685_____Ga0114974_100_046855_CDS,2271,6738
166,3300009184_____Ga0114976_10001631_____Ga0114976_100_016314_CDS,1231,4079
167,3300009185_____Ga0114971_10002619_____Ga0114971_100_026197_CDS,1237,4235
168,3300009419_____Ga0114982_1000775_____Ga0114982_1000_7753_CDS,2052,6444
169,3300009526_____Ga0115004_10002853_____Ga0115004_100_028535_CDS,1312,4250
170,3300009548_____Ga0116107_1001113_____Ga0116107_1001_11314_CDS,1248,3981
171,3300009684_____Ga0114958_10002157_____Ga0114958_100_0215714_CDS,1228,4037
172,3300010157_____Ga0114964_10000508_____Ga0114964_100_0050823_CDS,2209,6611
173,3300010157_____Ga0114964_10002903_____Ga0114964_100_029034_CDS,1352,4336
174,3300010158_____Ga0114960_10000746_____Ga0114960_100_007461_CDS,2310,6915
175,3300010160_____Ga0114967_10001208_____Ga0114967_100_012086_CDS,1275,4332
176,3300010334_____Ga0136644_10000572_____Ga0136644_100_0057230_CDS,1273,4118
177,3300010334_____Ga0136644_10001697_____Ga0136644_100_0169714_CDS,1159,3431
178,3300010885_____Ga0133913_10008705_____Ga0133913_100_0870526_CDS,1418,4207
179,3300010885_____Ga0133913_10023783_____Ga0133913_100_2378310_CDS,1367,4204
180,3300010885_____Ga0133913_10026942_____Ga0133913_100_269423_CDS,1281,3975
181,3300012128_____Ga0136582_1000547_____Ga0136582_1000_54713_CDS,1211,3973
182,3300012147_____Ga0136588_1000554_____Ga0136588_1000_5546_CDS,1157,3964
183,3300013093_____Ga0164296_1003191_____Ga0164296_1003_19110_CDS,762,2280
184,3300013093_____Ga0164296_1005418_____Ga0164296_1005_41811_CDS,1363,3983
185,3300013094_____Ga0164297_10003112_____Ga0164297_100_031128_CDS,1267,4439
186,3300013094_____Ga0164297_10004528_____Ga0164297_100_045284_CDS,1652,4945
187,3300013132_____Ga0172372_10006529_____Ga0172372_100_0652912_CDS,1246,4001
188,3300013285_____Ga0136642_1001106_____Ga0136642_1001_1065_CDS,1129,3812
189,3300013286_____Ga0136641_1000185_____Ga0136641_1000_1851_CDS,487,1331
190,3300013286_____Ga0136641_1001342_____Ga0136641_1001_3423_CDS,2334,6765
191,3300014492_____Ga0182013_10004328_____Ga0182013_100_0432813_CDS,1255,4469
192,3300001097_____JGIcombinedJ13537_10000434_____JGIco_mbinedJ13537_100004347_CDS,792,2862
193,3300002091_____JGI24028J26656_1000152_____JGI24028J_26656_100015215_CDS,1058,3541
194,3300002091_____JGI24028J26656_1000582_____JGI24028J_26656_10005824_CDS,992,3355
195,3300002092_____JGI24218J26658_1000335_____JGI24218J_26658_100033520_CDS,1043,3277
196,3300002098_____JGI24219J26650_1000491_____JGI24219J_26650_100049113_CDS,740,2608
197,3300002301_____JGI24891J29808_1000717_____JGI24891J_29808_100071711_CDS,1445,4810
198,3300002307_____JGI24890J29729_1000626_____JGI24890J_29729_10006267_CDS,2747,8449
199,3300002307_____JGI24890J29729_1000712_____JGI24890J_29729_100071214_CDS,2370,7233
200,3300003375_____JGI26470J50227_1000924_____JGI26470J_50227_100092412_CDS,2262,7578
201,3300003820_____Ga0007863_1000076_____Ga0007863_1000_0765_CDS,1299,4188
202,3300003852_____Ga0031655_10001695_____Ga0031655_100_016957_CDS,625,2216
203,3300004806_____Ga0007854_10000594_____Ga0007854_100_0059411_CDS,706,2777
204,3300004807_____Ga0007809_10000678_____Ga0007809_100_006782_CDS,702,2547
205,3300005528_____Ga0068872_10004467_____Ga0068872_100_044673_CDS,889,2981
206,3300005861_____Ga0080006_1175989_____Ga0080006_1175_9895_CDS,640,2366
207,3300005861_____Ga0080006_1218239_____Ga0080006_1218_2396_CDS,1074,3732
208,3300005931_____Ga0075119_1001447_____Ga0075119_1001_4476_CDS,698,2686
209,3300006071_____Ga0007876_1000258_____Ga0007876_1000_2585_CDS,676,2591
210,3300006116_____Ga0007807_1000478_____Ga0007807_1000_4781_CDS,712,2033
211,3300006117_____Ga0007818_1000137_____Ga0007818_1000_13714_CDS,1138,3344
212,3300006119_____Ga0007866_1000399_____Ga0007866_1000_3997_CDS,776,2806
213,3300006127_____Ga0007805_1000719_____Ga0007805_1000_71911_CDS,1382,4054
214,3300006484_____Ga0070744_10000380_____Ga0070744_100_003803_CDS,720,2763
215,3300006802_____Ga0070749_10001496_____Ga0070749_100_014966_CDS,725,2902
216,3300006802_____Ga0070749_10002953_____Ga0070749_100_029539_CDS,725,2893
217,3300006875_____Ga0075473_10000931_____Ga0075473_100_009315_CDS,3506,11425
218,3300006916_____Ga0070750_10000267_____Ga0070750_100_002673_CDS,856,2852
219,3300007344_____Ga0070745_1002316_____Ga0070745_1002_31613_CDS,601,2423
220,3300007345_____Ga0070752_1001124_____Ga0070752_1001_12410_CDS,967,3209
221,3300007516_____Ga0105050_10008796_____Ga0105050_100_087966_CDS,1067,3235
222,3300007523_____Ga0105052_10004511_____Ga0105052_100_045119_CDS,855,2943
223,3300007540_____Ga0099847_1000087_____Ga0099847_1000_08716_CDS,781,2873
224,3300007540_____Ga0099847_1000567_____Ga0099847_1000_5676_CDS,679,2345
225,3300007540_____Ga0099847_1000701_____Ga0099847_1000_7012_CDS,902,2968
226,3300007541_____Ga0099848_1000221_____Ga0099848_1000_22116_CDS,582,2343
227,3300007541_____Ga0099848_1000221_____Ga0099848_1000_22115_CDS,575,2323
228,3300007541_____Ga0099848_1000347_____Ga0099848_1000_3478_CDS,699,2595
229,3300007542_____Ga0099846_1001258_____Ga0099846_1001_2585_CDS,660,2373
230,3300007722_____Ga0105051_10006406_____Ga0105051_100_0640610_CDS,869,2893
231,3300009151_____Ga0114962_10000711_____Ga0114962_100_0071126_CDS,1886,5845
232,3300009151_____Ga0114962_10001763_____Ga0114962_100_0176317_CDS,1619,5212
233,3300009151_____Ga0114962_10002359_____Ga0114962_100_023596_CDS,837,3168
234,3300009151_____Ga0114962_10002859_____Ga0114962_100_028599_CDS,1185,3963
235,3300009151_____Ga0114962_10003684_____Ga0114962_100_036845_CDS,5151,16026
236,3300009154_____Ga0114963_10000572_____Ga0114963_100_0057218_CDS,785,2851
237,3300009154_____Ga0114963_10000572_____Ga0114963_100_0057220_CDS,783,2844
238,3300009154_____Ga0114963_10000572_____Ga0114963_100_0057219_CDS,785,2734
239,3300009155_____Ga0114968_10000753_____Ga0114968_100_0075322_CDS,2158,6959
240,3300009155_____Ga0114968_10001484_____Ga0114968_100_014844_CDS,974,3121
241,3300009158_____Ga0114977_10001724_____Ga0114977_100_017246_CDS,1055,3472
242,3300009159_____Ga0114978_10000739_____Ga0114978_100_0073920_CDS,1115,3754
243,3300009163_____Ga0114970_10000439_____Ga0114970_100_0043928_CDS,825,2874
244,3300009163_____Ga0114970_10001276_____Ga0114970_100_0127610_CDS,934,2999
245,3300009180_____Ga0114979_10001868_____Ga0114979_100_0186814_CDS,1153,3716
246,3300009181_____Ga0114969_10004951_____Ga0114969_100_049513_CDS,951,3198
247,3300009181_____Ga0114969_10005414_____Ga0114969_100_054143_CDS,827,2665
248,3300009182_____Ga0114959_10002069_____Ga0114959_100_0206921_CDS,845,3061
249,3300009184_____Ga0114976_10001069_____Ga0114976_100_0106913_CDS,1664,6085
250,3300009184_____Ga0114976_10001516_____Ga0114976_100_015167_CDS,1294,4178
251,3300009184_____Ga0114976_10001781_____Ga0114976_100_017819_CDS,888,2946
252,3300009184_____Ga0114976_10002470_____Ga0114976_100_024707_CDS,752,2731
253,3300009185_____Ga0114971_10002619_____Ga0114971_100_026198_CDS,873,3159
254,3300009413_____Ga0114902_1000298_____Ga0114902_1000_29825_CDS,999,3555
255,3300009419_____Ga0114982_1000775_____Ga0114982_1000_7754_CDS,2830,9077
256,3300009526_____Ga0115004_10002853_____Ga0115004_100_028536_CDS,801,2853
257,3300009548_____Ga0116107_1001113_____Ga0116107_1001_11313_CDS,703,2564
258,3300009781_____Ga0116178_10003357_____Ga0116178_100_033578_CDS,697,2498
259,3300010157_____Ga0114964_10000599_____Ga0114964_100_0059921_CDS,2357,7030
260,3300010157_____Ga0114964_10001382_____Ga0114964_100_0138218_CDS,841,3164
261,3300010157_____Ga0114964_10002671_____Ga0114964_100_026711_CDS,747,2439
262,3300010158_____Ga0114960_10000772_____Ga0114960_100_0077222_CDS,1010,3373
263,3300010334_____Ga0136644_10001697_____Ga0136644_100_0169713_CDS,982,3275
264,3300010334_____Ga0136644_10001890_____Ga0136644_100_018905_CDS,830,2950
265,3300010334_____Ga0136644_10001890_____Ga0136644_100_018907_CDS,757,2816
266,3300010334_____Ga0136644_10001890_____Ga0136644_100_018906_CDS,771,2703
267,3300010368_____Ga0129324_10003043_____Ga0129324_100_030437_CDS,771,2847
268,3300010885_____Ga0133913_10008705_____Ga0133913_100_0870527_CDS,1132,3719
269,3300012147_____Ga0136588_1000554_____Ga0136588_1000_5545_CDS,973,3500
270,3300013093_____Ga0164296_1003181_____Ga0164296_1003_1819_CDS,2153,7837
271,3300013094_____Ga0164297_10003112_____Ga0164297_100_031126_CDS,897,3180
272,3300013094_____Ga0164297_10004528_____Ga0164297_100_045285_CDS,1488,4686
273,3300013094_____Ga0164297_10004763_____Ga0164297_100_047634_CDS,1456,4772
274,3300013285_____Ga0136642_1001106_____Ga0136642_1001_1066_CDS,779,2902
275,3300013285_____Ga0136642_1001106_____Ga0136642_1001_1067_CDS,780,2811
276,3300014492_____Ga0182013_10004328_____Ga0182013_100_0432812_CDS,879,3225
277,3300002091_____JGI24028J26656_1000152_____JGI24028J_26656_100015216_CDS,360,1224
278,3300002098_____JGI24219J26650_1000491_____JGI24219J_26650_10004915_CDS,284,1273
279,3300002301_____JGI24891J29808_1000717_____JGI24891J_29808_100071712_CDS,347,1246
280,3300002307_____JGI24890J29729_1000626_____JGI24890J_29729_10006268_CDS,350,1270
281,3300003375_____JGI26470J50227_1000846_____JGI26470J_50227_10008462_CDS,354,1257
282,3300003820_____Ga0007863_1000076_____Ga0007863_1000_0767_CDS,575,2170
283,3300003820_____Ga0007863_1000076_____Ga0007863_1000_0766_CDS,210,825
284,3300003852_____Ga0031655_10001695_____Ga0031655_100_016958_CDS,249,1152
285,3300004806_____Ga0007854_10000594_____Ga0007854_100_005941_CDS,298,1349
286,3300005528_____Ga0068872_10004051_____Ga0068872_100_040517_CDS,303,1371
287,3300005861_____Ga0080006_1175989_____Ga0080006_1175_9894_CDS,307,1250
288,3300005861_____Ga0080006_1218239_____Ga0080006_1218_2395_CDS,375,1452
289,3300005936_____Ga0075124_10000854_____Ga0075124_100_008546_CDS,868,3551
290,3300006117_____Ga0007818_1000137_____Ga0007818_1000_13713_CDS,474,1551
291,3300006122_____Ga0007837_1000084_____Ga0007837_1000_08413_CDS,327,1293
292,3300006126_____Ga0007855_1000567_____Ga0007855_1000_5678_CDS,327,1293
293,3300006127_____Ga0007805_1000719_____Ga0007805_1000_71910_CDS,463,1589
294,3300006802_____Ga0070749_10001496_____Ga0070749_100_0149617_CDS,252,1197
295,3300006802_____Ga0070749_10001496_____Ga0070749_100_014964_CDS,226,926
296,3300006875_____Ga0075473_10000931_____Ga0075473_100_009314_CDS,392,1543
297,3300006916_____Ga0070750_10000267_____Ga0070750_100_0026726_CDS,792,3123
298,3300006919_____Ga0070746_10000980_____Ga0070746_100_0098016_CDS,346,1283
299,3300007344_____Ga0070745_1002316_____Ga0070745_1002_31612_CDS,318,1338
300,3300007345_____Ga0070752_1001124_____Ga0070752_1001_1245_CDS,368,1468
301,3300007345_____Ga0070752_1001124_____Ga0070752_1001_12416_CDS,279,1107
302,3300007540_____Ga0099847_1000567_____Ga0099847_1000_5671_CDS,348,1461
303,3300007540_____Ga0099847_1000567_____Ga0099847_1000_56711_CDS,223,866
304,3300007540_____Ga0099847_1000701_____Ga0099847_1000_7017_CDS,215,856
305,3300007541_____Ga0099848_1000221_____Ga0099848_1000_22112_CDS,326,1285
306,3300007541_____Ga0099848_1000347_____Ga0099848_1000_34715_CDS,295,1316
307,3300007542_____Ga0099846_1001258_____Ga0099846_1001_2584_CDS,317,1285
308,3300009151_____Ga0114962_10000711_____Ga0114962_100_0071125_CDS,384,1245
309,3300009151_____Ga0114962_10001373_____Ga0114962_100_0137317_CDS,272,1240
310,3300009154_____Ga0114963_10000572_____Ga0114963_100_005724_CDS,297,1323
311,3300009154_____Ga0114963_10000678_____Ga0114963_100_006784_CDS,265,1274
312,3300009154_____Ga0114963_10000931_____Ga0114963_100_009319_CDS,310,1346
313,3300009155_____Ga0114968_10001484_____Ga0114968_100_014843_CDS,453,1770
314,3300009160_____Ga0114981_10000712_____Ga0114981_100_007123_CDS,381,1563
315,3300009160_____Ga0114981_10001071_____Ga0114981_100_010715_CDS,323,1405
316,3300009163_____Ga0114970_10000439_____Ga0114970_100_004394_CDS,1356,5043
317,3300009164_____Ga0114975_10000427_____Ga0114975_100_004274_CDS,270,990
318,3300009164_____Ga0114975_10001152_____Ga0114975_100_011523_CDS,398,1609
319,3300009164_____Ga0114975_10002759_____Ga0114975_100_027597_CDS,336,1329
320,3300009180_____Ga0114979_10000767_____Ga0114979_100_0076718_CDS,307,1340
321,3300009181_____Ga0114969_10000987_____Ga0114969_100_0098717_CDS,332,1333
322,3300009182_____Ga0114959_10002069_____Ga0114959_100_0206922_CDS,284,1291
323,3300009187_____Ga0114972_10001281_____Ga0114972_100_0128114_CDS,293,1327
324,3300009419_____Ga0114982_1000775_____Ga0114982_1000_7755_CDS,328,1265
325,3300010157_____Ga0114964_10000599_____Ga0114964_100_0059922_CDS,403,1235
326,3300010160_____Ga0114967_10000584_____Ga0114967_100_0058414_CDS,1591,4907
327,3300010885_____Ga0133913_10008705_____Ga0133913_100_0870528_CDS,338,1291
328,3300010885_____Ga0133913_10017273_____Ga0133913_100_1727318_CDS,177,705
329,3300013094_____Ga0164297_10004528_____Ga0164297_100_045286_CDS,1651,5612
330,3300013286_____Ga0136641_1000185_____Ga0136641_1000_1853_CDS,1584,5409
331,3300014492_____Ga0182013_10004328_____Ga0182013_100_0432811_CDS,312,1299
332,3300014720_____Ga0172376_10003463_____Ga0172376_100_034632_CDS,298,1331
333,3300002091_____JGI24028J26656_1000152_____JGI24028J_26656_10001526_CDS,623,2194
334,3300002091_____JGI24028J26656_1000154_____JGI24028J_26656_100015414_CDS,630,2214
335,3300002098_____JGI24219J26650_1000491_____JGI24219J_26650_10004916_CDS,460,1907
336,3300002098_____JGI24219J26650_1000581_____JGI24219J_26650_10005819_CDS,478,1880
337,3300002307_____JGI24890J29729_1000626_____JGI24890J_29729_100062614_CDS,648,2160
338,3300002307_____JGI24890J29729_1000712_____JGI24890J_29729_10007127_CDS,677,2158
339,3300003820_____Ga0007863_1000046_____Ga0007863_1000_04624_CDS,472,1787
340,3300003852_____Ga0031655_10001695_____Ga0031655_100_016959_CDS,540,2076
341,3300004807_____Ga0007809_10000678_____Ga0007809_100_006787_CDS,484,1820
342,3300005527_____Ga0068876_10000772_____Ga0068876_100_0077225_CDS,466,1901
343,3300005662_____Ga0078894_10003625_____Ga0078894_100_036255_CDS,446,1804
344,3300005861_____Ga0080006_1175989_____Ga0080006_1175_9893_CDS,394,1649
345,3300005861_____Ga0080006_1218239_____Ga0080006_1218_2394_CDS,425,1690
346,3300006071_____Ga0007876_1000258_____Ga0007876_1000_25811_CDS,585,2475
347,3300006103_____Ga0007813_1000158_____Ga0007813_1000_15829_CDS,142,533
348,3300006118_____Ga0007859_1000217_____Ga0007859_1000_2172_CDS,641,2167
349,3300006127_____Ga0007805_1000719_____Ga0007805_1000_7195_CDS,673,2315
350,3300006802_____Ga0070749_10001496_____Ga0070749_100_0149612_CDS,520,2369
351,3300006875_____Ga0075473_10000931_____Ga0075473_100_009312_CDS,589,2183
352,3300006916_____Ga0070750_10000267_____Ga0070750_100_0026713_CDS,473,1885
353,3300007345_____Ga0070752_1001124_____Ga0070752_1001_12419_CDS,450,1863
354,3300007346_____Ga0070753_1000309_____Ga0070753_1000_3097_CDS,519,1812
355,3300007516_____Ga0105050_10007389_____Ga0105050_100_073897_CDS,630,2250
356,3300007540_____Ga0099847_1000087_____Ga0099847_1000_0876_CDS,445,1850
357,3300007540_____Ga0099847_1000567_____Ga0099847_1000_56713_CDS,449,1864
358,3300007541_____Ga0099848_1000221_____Ga0099848_1000_22111_CDS,506,2140
359,3300007542_____Ga0099846_1001258_____Ga0099846_1001_2583_CDS,476,1774
360,3300009068_____Ga0114973_10000565_____Ga0114973_100_0056518_CDS,645,2181
361,3300009068_____Ga0114973_10000639_____Ga0114973_100_006396_CDS,615,2265
362,3300009068_____Ga0114973_10000749_____Ga0114973_100_007497_CDS,635,2272
363,3300009068_____Ga0114973_10001071_____Ga0114973_100_0107118_CDS,667,2438
364,3300009151_____Ga0114962_10000711_____Ga0114962_100_007113_CDS,753,2469
365,3300009151_____Ga0114962_10000818_____Ga0114962_100_0081819_CDS,616,2246
366,3300009154_____Ga0114963_10000572_____Ga0114963_100_0057213_CDS,428,1876
367,3300009154_____Ga0114963_10000678_____Ga0114963_100_006783_CDS,465,2118
368,3300009154_____Ga0114963_10001463_____Ga0114963_100_0146315_CDS,481,1850
369,3300009154_____Ga0114963_10003380_____Ga0114963_100_033806_CDS,443,1861
370,3300009163_____Ga0114970_10000439_____Ga0114970_100_0043910_CDS,496,1880
371,3300009164_____Ga0114975_10000616_____Ga0114975_100_0061624_CDS,551,1933
372,3300009164_____Ga0114975_10001152_____Ga0114975_100_0115217_CDS,618,2289
373,3300009164_____Ga0114975_10001466_____Ga0114975_100_014666_CDS,622,2222
374,3300009164_____Ga0114975_10002759_____Ga0114975_100_027592_CDS,626,2254
375,3300009181_____Ga0114969_10000735_____Ga0114969_100_0073514_CDS,623,2221
376,3300009182_____Ga0114959_10001102_____Ga0114959_100_0110227_CDS,449,1837
377,3300009184_____Ga0114976_10001069_____Ga0114976_100_0106914_CDS,426,1761
378,3300009187_____Ga0114972_10001281_____Ga0114972_100_012815_CDS,446,1867
379,3300009419_____Ga0114982_1000775_____Ga0114982_1000_7751_CDS,536,1939
380,3300010157_____Ga0114964_10000508_____Ga0114964_100_005088_CDS,323,1117
381,3300010157_____Ga0114964_10000599_____Ga0114964_100_005992_CDS,726,2577
382,3300010157_____Ga0114964_10002903_____Ga0114964_100_0290310_CDS,636,2208
383,3300010158_____Ga0114960_10000582_____Ga0114960_100_0058222_CDS,705,2418
384,3300010334_____Ga0136644_10001890_____Ga0136644_100_0189013_CDS,437,1867
385,3300010885_____Ga0133913_10008705_____Ga0133913_100_087053_CDS,651,2247
386,3300012031_____Ga0136561_1000658_____Ga0136561_1000_6582_CDS,493,2081
387,3300013132_____Ga0172372_10006529_____Ga0172372_100_065297_CDS,463,1895
388,3300013285_____Ga0136642_1000288_____Ga0136642_1000_28825_CDS,624,2076
389,3300014492_____Ga0182013_10004328_____Ga0182013_100_0432817_CDS,504,2052
390,3300014720_____Ga0172376_10003463_____Ga0172376_100_034635_CDS,461,1861
391,3300014720_____Ga0172376_10005535_____Ga0172376_100_055359_CDS,478,1844
392,3300002091_____JGI24028J26656_1000152_____JGI24028J_26656_100015222_CDS,671,2356
393,3300002301_____JGI24891J29808_1000717_____JGI24891J_29808_10007176_CDS,628,2297
394,3300002307_____JGI24890J29729_1000626_____JGI24890J_29729_10006269_CDS,608,1930
395,3300002307_____JGI24890J29729_1000712_____JGI24890J_29729_100071212_CDS,647,2080
396,3300003375_____JGI26470J50227_1000924_____JGI26470J_50227_10009246_CDS,607,2516
397,3300003820_____Ga0007863_1000076_____Ga0007863_1000_0762_CDS,590,2254
398,3300005527_____Ga0068876_10000772_____Ga0068876_100_0077222_CDS,571,2426
399,3300006116_____Ga0007807_1000478_____Ga0007807_1000_4787_CDS,680,2344
400,3300006116_____Ga0007807_1000493_____Ga0007807_1000_49317_CDS,620,2341
401,3300006802_____Ga0070749_10000650_____Ga0070749_100_006507_CDS,518,2290
402,3300006802_____Ga0070749_10003404_____Ga0070749_100_034044_CDS,535,2165
403,3300006916_____Ga0070750_10000267_____Ga0070750_100_0026723_CDS,538,2216
404,3300007540_____Ga0099847_1000087_____Ga0099847_1000_08710_CDS,497,2302
405,3300007541_____Ga0099848_1000221_____Ga0099848_1000_22119_CDS,499,2309
406,3300007541_____Ga0099848_1000347_____Ga0099848_1000_3474_CDS,504,2115
407,3300007541_____Ga0099848_1001104_____Ga0099848_1001_10413_CDS,515,2401
408,3300007542_____Ga0099846_1001258_____Ga0099846_1001_25812_CDS,543,2328
409,3300009068_____Ga0114973_10000565_____Ga0114973_100_0056513_CDS,622,2402
410,3300009151_____Ga0114962_10000779_____Ga0114962_100_0077920_CDS,589,2282
411,3300009151_____Ga0114962_10001373_____Ga0114962_100_013734_CDS,527,2254
412,3300009154_____Ga0114963_10000572_____Ga0114963_100_0057214_CDS,542,2455
413,3300009154_____Ga0114963_10000678_____Ga0114963_100_0067815_CDS,475,2225
414,3300009160_____Ga0114981_10001071_____Ga0114981_100_010714_CDS,545,2263
415,3300009163_____Ga0114970_10000439_____Ga0114970_100_004395_CDS,598,2210
416,3300009164_____Ga0114975_10000387_____Ga0114975_100_0038725_CDS,673,2171
417,3300009164_____Ga0114975_10000616_____Ga0114975_100_0061623_CDS,617,2308
418,3300009164_____Ga0114975_10001152_____Ga0114975_100_0115220_CDS,586,2285
419,3300009181_____Ga0114969_10000735_____Ga0114969_100_0073524_CDS,674,2485
420,3300009187_____Ga0114972_10001281_____Ga0114972_100_012816_CDS,546,2442
421,3300010157_____Ga0114964_10000508_____Ga0114964_100_005081_CDS,668,2176
422,3300010158_____Ga0114960_10000772_____Ga0114960_100_007727_CDS,580,2336
423,3300010160_____Ga0114967_10001208_____Ga0114967_100_0120815_CDS,603,2340
424,3300010334_____Ga0136644_10000572_____Ga0136644_100_0057224_CDS,584,2251
425,3300010334_____Ga0136644_10001890_____Ga0136644_100_0189014_CDS,261,1152
426,3300010368_____Ga0129324_10003043_____Ga0129324_100_030436_CDS,587,2392
427,3300010370_____Ga0129336_10000987_____Ga0129336_100_009873_CDS,543,2409
428,3300010885_____Ga0133913_10008705_____Ga0133913_100_087055_CDS,620,2242
429,3300013094_____Ga0164297_10004763_____Ga0164297_100_0476310_CDS,630,2385
430,3300013126_____Ga0172367_10006316_____Ga0172367_100_063165_CDS,543,2292
431,3300013132_____Ga0172372_10006529_____Ga0172372_100_0652914_CDS,543,2292
432,3300013285_____Ga0136642_1001106_____Ga0136642_1001_1062_CDS,548,2440
433,3300014720_____Ga0172376_10005535_____Ga0172376_100_055352_CDS,537,2352
434,3300002091_____JGI24028J26656_1000152_____JGI24028J_26656_10001529_CDS,795,2517
435,3300003375_____JGI26470J50227_1000268_____JGI26470J_50227_100026825_CDS,510,1728
436,3300003375_____JGI26470J50227_1000846_____JGI26470J_50227_100084611_CDS,753,2649
437,3300003820_____Ga0007863_1000076_____Ga0007863_1000_07615_CDS,498,1635
438,3300005931_____Ga0075119_1001447_____Ga0075119_1001_4474_CDS,534,2166
439,3300005936_____Ga0075124_10000854_____Ga0075124_100_008542_CDS,910,2888
440,3300006103_____Ga0007813_1000158_____Ga0007813_1000_15822_CDS,898,3134
441,3300006117_____Ga0007818_1000137_____Ga0007818_1000_1373_CDS,1005,3495
442,3300006119_____Ga0007866_1000151_____Ga0007866_1000_15123_CDS,614,1870
443,3300006119_____Ga0007866_1000399_____Ga0007866_1000_3999_CDS,805,2777
444,3300006916_____Ga0070750_10000267_____Ga0070750_100_002675_CDS,839,2968
445,3300007516_____Ga0105050_10007389_____Ga0105050_100_0738910_CDS,556,1712
446,3300007540_____Ga0099847_1000087_____Ga0099847_1000_08718_CDS,803,2653
447,3300007540_____Ga0099847_1000567_____Ga0099847_1000_5679_CDS,841,2894
448,3300009151_____Ga0114962_10000779_____Ga0114962_100_0077916_CDS,1271,4354
449,3300009154_____Ga0114963_10002494_____Ga0114963_100_024945_CDS,322,1217
450,3300009154_____Ga0114963_10003380_____Ga0114963_100_033804_CDS,608,2641
451,3300009154_____Ga0114963_10003380_____Ga0114963_100_033803_CDS,350,1630
452,3300009164_____Ga0114975_10001152_____Ga0114975_100_011525_CDS,798,2874
453,3300009180_____Ga0114979_10001471_____Ga0114979_100_0147114_CDS,622,2096
454,3300009184_____Ga0114976_10001516_____Ga0114976_100_015162_CDS,846,2691
455,3300009184_____Ga0114976_10002470_____Ga0114976_100_024704_CDS,802,3230
456,3300010158_____Ga0114960_10000772_____Ga0114960_100_0077212_CDS,781,2675
457,3300010160_____Ga0114967_10001208_____Ga0114967_100_012085_CDS,1275,4251
458,3300010334_____Ga0136644_10001697_____Ga0136644_100_016979_CDS,858,2958
459,3300010334_____Ga0136644_10001890_____Ga0136644_100_018909_CDS,1677,5514
460,3300010885_____Ga0133913_10023783_____Ga0133913_100_2378314_CDS,703,2123
461,3300012270_____Ga0136604_1000462_____Ga0136604_1000_4622_CDS,782,2773
462,3300013132_____Ga0172372_10006529_____Ga0172372_100_0652910_CDS,821,2959
463,3300013285_____Ga0136642_1001106_____Ga0136642_1001_1064_CDS,1390,5126
464,3300014720_____Ga0172376_10003463_____Ga0172376_100_034638_CDS,841,3137
465,3300014720_____Ga0172376_10005535_____Ga0172376_100_055356_CDS,1258,4466
466,3300001097_____JGIcombinedJ13537_10000434_____JGIco_mbinedJ13537_1000043420_CDS,1103,4369
467,3300002091_____JGI24028J26656_1000152_____JGI24028J_26656_10001525_CDS,780,2595
468,3300003375_____JGI26470J50227_1000268_____JGI26470J_50227_100026822_CDS,666,2289
469,3300003375_____JGI26470J50227_1000846_____JGI26470J_50227_10008469_CDS,488,1951
470,3300003820_____Ga0007863_1000076_____Ga0007863_1000_07617_CDS,770,2710
471,3300003852_____Ga0031655_10001695_____Ga0031655_100_0169510_CDS,647,2782
472,3300006103_____Ga0007813_1000158_____Ga0007813_1000_15828_CDS,537,2091
473,3300006116_____Ga0007807_1000478_____Ga0007807_1000_4783_CDS,1062,3384
474,3300006127_____Ga0007805_1000719_____Ga0007805_1000_7194_CDS,985,3137
475,3300006127_____Ga0007805_1000719_____Ga0007805_1000_7193_CDS,286,839
476,3300006127_____Ga0007805_1000719_____Ga0007805_1000_7192_CDS,244,809
477,3300006916_____Ga0070750_10000267_____Ga0070750_100_0026714_CDS,602,2458
478,3300007345_____Ga0070752_1001124_____Ga0070752_1001_12418_CDS,546,2271
479,3300007540_____Ga0099847_1000087_____Ga0099847_1000_0875_CDS,517,2291
480,3300007540_____Ga0099847_1000567_____Ga0099847_1000_56712_CDS,553,2264
481,3300009068_____Ga0114973_10001071_____Ga0114973_100_010711_CDS,653,2380
482,3300009151_____Ga0114962_10000779_____Ga0114962_100_0077914_CDS,708,2514
483,3300009151_____Ga0114962_10002359_____Ga0114962_100_023591_CDS,279,1260
484,3300009154_____Ga0114963_10000678_____Ga0114963_100_0067821_CDS,621,2844
485,3300009155_____Ga0114968_10001484_____Ga0114968_100_0148413_CDS,574,1982
486,3300009158_____Ga0114977_10001471_____Ga0114977_100_0147112_CDS,1658,5668
487,3300009158_____Ga0114977_10001724_____Ga0114977_100_0172414_CDS,694,2474
488,3300009159_____Ga0114978_10000595_____Ga0114978_100_005958_CDS,600,2496
489,3300009163_____Ga0114970_10000439_____Ga0114970_100_0043911_CDS,529,1964
490,3300009164_____Ga0114975_10001152_____Ga0114975_100_0115216_CDS,603,2412
491,3300009164_____Ga0114975_10002759_____Ga0114975_100_027591_CDS,558,2043
492,3300010157_____Ga0114964_10001382_____Ga0114964_100_0138213_CDS,437,1939
493,3300010157_____Ga0114964_10003108_____Ga0114964_100_031085_CDS,387,1512
494,3300010158_____Ga0114960_10000772_____Ga0114960_100_0077214_CDS,749,2743
495,3300010334_____Ga0136644_10001697_____Ga0136644_100_016974_CDS,695,2752
496,3300010885_____Ga0133913_10008705_____Ga0133913_100_087054_CDS,773,2656
497,3300013093_____Ga0164296_1003191_____Ga0164296_1003_1912_CDS,638,2476
498,3300013132_____Ga0172372_10006529_____Ga0172372_100_065298_CDS,649,2951
499,3300014720_____Ga0172376_10005535_____Ga0172376_100_055358_CDS,618,2784
500,3300002091_____JGI24028J26656_1000152_____JGI24028J_26656_100015213_CDS,2736,9681
501,3300002091_____JGI24028J26656_1000152_____JGI24028J_26656_10001528_CDS,813,2724
502,3300002091_____JGI24028J26656_1000582_____JGI24028J_26656_10005827_CDS,523,1742
503,3300002301_____JGI24891J29808_1000717_____JGI24891J_29808_10007179_CDS,1236,4083
504,3300003375_____JGI26470J50227_1000268_____JGI26470J_50227_100026828_CDS,885,2844
505,3300003375_____JGI26470J50227_1000268_____JGI26470J_50227_100026827_CDS,441,1308
506,3300003785_____Ga0007851_100001_____Ga0007851_10000_115_CDS,1154,3994
507,3300003785_____Ga0007851_100001_____Ga0007851_10000_114_CDS,673,2396
508,3300003820_____Ga0007863_1000076_____Ga0007863_1000_07614_CDS,1708,5693
509,3300003820_____Ga0007863_1000076_____Ga0007863_1000_0768_CDS,321,1116
510,3300003820_____Ga0007863_1000076_____Ga0007863_1000_0763_CDS,231,825
511,3300004806_____Ga0007854_10000594_____Ga0007854_100_005949_CDS,194,850
512,3300005581_____Ga0049081_10000462_____Ga0049081_100_0046210_CDS,835,2891
513,3300005662_____Ga0078894_10001308_____Ga0078894_100_0130813_CDS,1971,7920
514,3300005662_____Ga0078894_10003625_____Ga0078894_100_036254_CDS,1950,7896
515,3300006116_____Ga0007807_1000478_____Ga0007807_1000_4789_CDS,1541,4624
516,3300006116_____Ga0007807_1000493_____Ga0007807_1000_49311_CDS,1654,5762
517,3300006119_____Ga0007866_1000151_____Ga0007866_1000_15122_CDS,1468,4886
518,3300006484_____Ga0070744_10000380_____Ga0070744_100_0038015_CDS,482,1840
519,3300007516_____Ga0105050_10007389_____Ga0105050_100_0738911_CDS,851,2776
520,3300009026_____Ga0102829_1000633_____Ga0102829_1000_6331_CDS,447,1416
521,3300009151_____Ga0114962_10000711_____Ga0114962_100_007111_CDS,1868,6250
522,3300009154_____Ga0114963_10000572_____Ga0114963_100_0057210_CDS,1006,4070
523,3300009158_____Ga0114977_10000780_____Ga0114977_100_007804_CDS,1400,4819
524,3300009160_____Ga0114981_10000712_____Ga0114981_100_007129_CDS,492,1848
525,3300009163_____Ga0114970_10000439_____Ga0114970_100_004392_CDS,460,1556
526,3300009164_____Ga0114975_10000427_____Ga0114975_100_0042731_CDS,1516,5162
527,3300009164_____Ga0114975_10002424_____Ga0114975_100_024247_CDS,1712,6298
528,3300009164_____Ga0114975_10002759_____Ga0114975_100_0275913_CDS,898,3188
529,3300009180_____Ga0114979_10000767_____Ga0114979_100_0076720_CDS,1088,4573
530,3300009180_____Ga0114979_10001868_____Ga0114979_100_018689_CDS,889,3215
531,3300009182_____Ga0114959_10002069_____Ga0114959_100_0206919_CDS,314,1198
532,3300009183_____Ga0114974_10000518_____Ga0114974_100_005181_CDS,21488,75541
533,3300009187_____Ga0114972_10001281_____Ga0114972_100_012818_CDS,1244,5029
534,3300010157_____Ga0114964_10001616_____Ga0114964_100_0161615_CDS,741,3030
535,3300010157_____Ga0114964_10003108_____Ga0114964_100_0310810_CDS,667,2357
536,3300010158_____Ga0114960_10000746_____Ga0114960_100_007468_CDS,1537,5321
537,3300010334_____Ga0136644_10001697_____Ga0136644_100_016972_CDS,750,2751
538,3300010885_____Ga0133913_10017077_____Ga0133913_100_170771_CDS,57912,0
539,3300012031_____Ga0136561_1000658_____Ga0136561_1000_6585_CDS,1360,5273
540,3300013093_____Ga0164296_1005418_____Ga0164296_1005_41810_CDS,1269,4284
541,3300013094_____Ga0164297_10004763_____Ga0164297_100_047636_CDS,1269,4284
542,3300013126_____Ga0172367_10002111_____Ga0172367_100_0211117_CDS,200,799
543,3300002307_____JGI24890J29729_1000627_____JGI24890J_29729_100062723_CDS,137,727
544,3300003860_____Ga0031658_1000156_____Ga0031658_1000_1567_CDS,204,921
545,3300005528_____Ga0068872_10004051_____Ga0068872_100_040514_CDS,171,756
546,3300007541_____Ga0099848_1001104_____Ga0099848_1001_1044_CDS,105,669
547,3300009154_____Ga0114963_10000410_____Ga0114963_100_004109_CDS,459,1674
548,3300009154_____Ga0114963_10000410_____Ga0114963_100_0041033_CDS,224,910
549,3300009181_____Ga0114969_10005414_____Ga0114969_100_054146_CDS,266,1021
550,3300009182_____Ga0114959_10001102_____Ga0114959_100_0110224_CDS,325,1673
551,3300009182_____Ga0114959_10001102_____Ga0114959_100_011022_CDS,305,1459
552,3300009185_____Ga0114971_10002619_____Ga0114971_100_026193_CDS,295,1343
553,3300009526_____Ga0115004_10002853_____Ga0115004_100_028534_CDS,309,1518
554,3300010158_____Ga0114960_10002393_____Ga0114960_100_0239313_CDS,259,1136
555,3300013014_____Ga0164295_10000960_____Ga0164295_100_0096017_CDS,231,1110
556,3300002092_____JGI24218J26658_1000290_____JGI24218J_26658_100029030_CDS,2073,6294
557,3300004806_____Ga0007854_10000594_____Ga0007854_100_005946_CDS,1847,5929
558,3300005581_____Ga0049081_10000427_____Ga0049081_100_0042711_CDS,2043,6489
559,3300006875_____Ga0075473_10000931_____Ga0075473_100_009317_CDS,2144,6325
560,3300009151_____Ga0114962_10003684_____Ga0114962_100_036847_CDS,1112,3271
561,3300009152_____Ga0114980_10001820_____Ga0114980_100_0182014_CDS,1330,4115
562,3300009158_____Ga0114977_10002688_____Ga0114977_100_026883_CDS,883,3068
563,3300009160_____Ga0114981_10000978_____Ga0114981_100_0097814_CDS,961,2936
564,3300009163_____Ga0114970_10000439_____Ga0114970_100_004391_CDS,93102,0
565,3300009180_____Ga0114979_10000767_____Ga0114979_100_0076721_CDS,1886,5566
566,3300009182_____Ga0114959_10001102_____Ga0114959_100_0110229_CDS,826,2873
567,3300009183_____Ga0114974_10000518_____Ga0114974_100_005182_CDS,1734,5529
568,3300009184_____Ga0114976_10000640_____Ga0114976_100_006407_CDS,2547,7470
569,3300009184_____Ga0114976_10002007_____Ga0114976_100_020071_CDS,1065,2931
570,3300009184_____Ga0114976_10002882_____Ga0114976_100_028823_CDS,1091,3697
571,3300009684_____Ga0114958_10000782_____Ga0114958_100_0078221_CDS,826,2135
572,3300009743_____Ga0099798_10054_____Ga0099798_100541_0_CDS,2593,8387
573,3300009760_____Ga0116131_1001150_____Ga0116131_1001_1506_CDS,1590,4386
574,3300010157_____Ga0114964_10002347_____Ga0114964_100_023471_CDS,249,687
575,3300010157_____Ga0114964_10002903_____Ga0114964_100_029038_CDS,1278,3618
576,3300010158_____Ga0114960_10002925_____Ga0114960_100_0292517_CDS,853,2585
577,3300010885_____Ga0133913_10011474_____Ga0133913_100_114744_CDS,1634,4873
578,3300010885_____Ga0133913_10017077_____Ga0133913_100_170773_CDS,987,2766
579,3300010885_____Ga0133913_10017273_____Ga0133913_100_172732_CDS,1139,3460
580,3300010885_____Ga0133913_10023783_____Ga0133913_100_237836_CDS,961,2936
581,3300010885_____Ga0133913_10060220_____Ga0133913_100_602201_CDS,1218,3795
582,3300013094_____Ga0164297_10001420_____Ga0164297_100_0142013_CDS,4080,12336
583,3300014492_____Ga0182013_10004507_____Ga0182013_100_045078_CDS,1410,3828
584,3300014493_____Ga0182016_10003510_____Ga0182016_100_0351018_CDS,283,689
585,3300002091_____JGI24028J26656_1000152_____JGI24028J_26656_10001524_CDS,255,1005
586,3300005931_____Ga0075119_1001447_____Ga0075119_1001_44710_CDS,257,1174
587,3300006116_____Ga0007807_1000493_____Ga0007807_1000_4932_CDS,294,984
588,3300006117_____Ga0007818_1000137_____Ga0007818_1000_1375_CDS,340,1235
589,3300006119_____Ga0007866_1000151_____Ga0007866_1000_15121_CDS,257,1093
590,3300006802_____Ga0070749_10001496_____Ga0070749_100_014965_CDS,192,951
591,3300006802_____Ga0070749_10002953_____Ga0070749_100_0295310_CDS,204,948
592,3300007345_____Ga0070752_1001124_____Ga0070752_1001_1246_CDS,246,1050
593,3300007540_____Ga0099847_1000567_____Ga0099847_1000_5672_CDS,248,1057
594,3300007541_____Ga0099848_1000221_____Ga0099848_1000_22121_CDS,245,1024
595,3300007542_____Ga0099846_1001258_____Ga0099846_1001_2581_CDS,268,1154
596,3300009151_____Ga0114962_10001148_____Ga0114962_100_0114823_CDS,196,830
597,3300009160_____Ga0114981_10000712_____Ga0114981_100_0071218_CDS,262,1115
598,3300009160_____Ga0114981_10001071_____Ga0114981_100_010716_CDS,210,978
599,3300009163_____Ga0114970_10000439_____Ga0114970_100_004396_CDS,274,1013
600,3300009184_____Ga0114976_10001516_____Ga0114976_100_0151614_CDS,263,988
601,3300001097_____JGIcombinedJ13537_10000434_____JGIco_mbinedJ13537_1000043415_CDS,1043,4348
602,3300002091_____JGI24028J26656_1000152_____JGI24028J_26656_100015225_CDS,1627,5672
603,3300002091_____JGI24028J26656_1000582_____JGI24028J_26656_10005828_CDS,1482,5727
604,3300002301_____JGI24891J29808_1000608_____JGI24891J_29808_100060819_CDS,1574,6031
605,3300002301_____JGI24891J29808_1000717_____JGI24891J_29808_10007171_CDS,862,3149
606,3300002307_____JGI24890J29729_1000652_____JGI24890J_29729_10006521_CDS,820,3212
607,3300003375_____JGI26470J50227_1000846_____JGI26470J_50227_10008465_CDS,1501,5642
608,3300003785_____Ga0007851_100001_____Ga0007851_10000_118_CDS,1585,6047
609,3300003820_____Ga0007863_1000046_____Ga0007863_1000_0461_CDS,1539,6003
610,3300003852_____Ga0031655_10001695_____Ga0031655_100_0169516_CDS,517,2096
611,3300003860_____Ga0031658_1000156_____Ga0031658_1000_1568_CDS,800,3484
612,3300005861_____Ga0080006_1175989_____Ga0080006_1175_98915_CDS,1095,4620
613,3300006103_____Ga0007813_1000158_____Ga0007813_1000_1581_CDS,1706,6790
614,3300006116_____Ga0007807_1000478_____Ga0007807_1000_4788_CDS,1475,5374
615,3300006916_____Ga0070750_10000267_____Ga0070750_100_0026711_CDS,1708,6806
616,3300007345_____Ga0070752_1001124_____Ga0070752_1001_12421_CDS,792,3222
617,3300007523_____Ga0105052_10004511_____Ga0105052_100_045113_CDS,1745,6724
618,3300007540_____Ga0099847_1000087_____Ga0099847_1000_0873_CDS,1417,6467
619,3300007541_____Ga0099848_1000221_____Ga0099848_1000_22131_CDS,612,2610
620,3300009068_____Ga0114973_10000639_____Ga0114973_100_0063919_CDS,1612,6164
621,3300009068_____Ga0114973_10000749_____Ga0114973_100_0074915_CDS,1602,6147
622,3300009151_____Ga0114962_10000818_____Ga0114962_100_008187_CDS,1606,6053
623,3300009151_____Ga0114962_10001148_____Ga0114962_100_0114810_CDS,1667,6559
624,3300009151_____Ga0114962_10001373_____Ga0114962_100_013737_CDS,1293,5763
625,3300009154_____Ga0114963_10000410_____Ga0114963_100_004107_CDS,1525,5900
626,3300009154_____Ga0114963_10000572_____Ga0114963_100_005723_CDS,1223,5401
627,3300009155_____Ga0114968_10001484_____Ga0114968_100_014849_CDS,1475,5644
628,3300009158_____Ga0114977_10001471_____Ga0114977_100_0147111_CDS,1612,6164
629,3300009158_____Ga0114977_10001724_____Ga0114977_100_017241_CDS,579,2184
630,3300009159_____Ga0114978_10000595_____Ga0114978_100_005956_CDS,1434,5685
631,3300009159_____Ga0114978_10000739_____Ga0114978_100_0073924_CDS,949,3614
632,3300009163_____Ga0114970_10000439_____Ga0114970_100_004397_CDS,1641,6396
633,3300009164_____Ga0114975_10000879_____Ga0114975_100_0087915_CDS,1616,6124
634,3300009180_____Ga0114979_10001868_____Ga0114979_100_018688_CDS,1504,5651
635,3300009181_____Ga0114969_10000735_____Ga0114969_100_007353_CDS,1760,6304
636,3300009181_____Ga0114969_10000987_____Ga0114969_100_009871_CDS,1309,5711
637,3300009182_____Ga0114959_10001102_____Ga0114959_100_0110219_CDS,1301,5611
638,3300009182_____Ga0114959_10002069_____Ga0114959_100_0206912_CDS,1267,5726
639,3300009182_____Ga0114959_10004282_____Ga0114959_100_0428216_CDS,368,1441
640,3300009187_____Ga0114972_10001281_____Ga0114972_100_0128115_CDS,1179,5310
641,3300009684_____Ga0114958_10000782_____Ga0114958_100_007828_CDS,1275,4917
642,3300010158_____Ga0114960_10000772_____Ga0114960_100_007722_CDS,1613,6199
643,3300010160_____Ga0114967_10001208_____Ga0114967_100_0120817_CDS,1540,6371
644,3300010354_____Ga0129333_10001104_____Ga0129333_100_0110421_CDS,1280,5929
645,3300010885_____Ga0133913_10008705_____Ga0133913_100_0870519_CDS,1487,5740
646,3300012128_____Ga0136582_1000547_____Ga0136582_1000_5471_CDS,762,3162
647,3300013014_____Ga0164295_10000960_____Ga0164295_100_009601_CDS,1294,5474
648,3300006802_____Ga0070749_10001496_____Ga0070749_100_0149616_CDS,160,713
649,3300006916_____Ga0070750_10000267_____Ga0070750_100_0026715_CDS,191,763
650,3300007345_____Ga0070752_1001124_____Ga0070752_1001_1243_CDS,189,720
651,3300007541_____Ga0099848_1000347_____Ga0099848_1000_34724_CDS,179,712
652,3300010334_____Ga0136644_10001697_____Ga0136644_100_0169719_CDS,161,667
653,3300006071_____Ga0007876_1000258_____Ga0007876_1000_2582_CDS,855,3627
654,3300006802_____Ga0070749_10003404_____Ga0070749_100_034048_CDS,1389,5712
655,3300009155_____Ga0114968_10000753_____Ga0114968_100_0075314_CDS,3378,11130
656,3300009181_____Ga0114969_10000735_____Ga0114969_100_007354_CDS,2142,6903
657,3300009182_____Ga0114959_10002069_____Ga0114959_100_0206914_CDS,454,1796
658,3300009184_____Ga0114976_10001631_____Ga0114976_100_016317_CDS,706,2750
659,3300009184_____Ga0114976_10002470_____Ga0114976_100_0247010_CDS,744,3243
660,3300009187_____Ga0114972_10001281_____Ga0114972_100_0128111_CDS,675,2853
661,3300010157_____Ga0114964_10000624_____Ga0114964_100_0062411_CDS,1847,7243
662,3300010157_____Ga0114964_10000881_____Ga0114964_100_0088115_CDS,1799,7282
663,3300010334_____Ga0136644_10000572_____Ga0136644_100_0057221_CDS,986,3460
664,3300013132_____Ga0172372_10006529_____Ga0172372_100_065296_CDS,2937,11661
665,3300014720_____Ga0172376_10005535_____Ga0172376_100_0553510_CDS,1639,6479
666,3300006916_____Ga0070750_10000267_____Ga0070750_100_002677_CDS,761,2794
667,3300007345_____Ga0070752_1001124_____Ga0070752_1001_12420_CDS,718,2801
668,3300007523_____Ga0105052_10004511_____Ga0105052_100_045114_CDS,749,2608
669,3300007540_____Ga0099847_1000087_____Ga0099847_1000_08721_CDS,2162,8755
670,3300009154_____Ga0114963_10002494_____Ga0114963_100_024944_CDS,1329,4962
671,3300009160_____Ga0114981_10001071_____Ga0114981_100_0107114_CDS,1855,7190
672,3300009181_____Ga0114969_10005414_____Ga0114969_100_054145_CDS,617,2011
673,3300009526_____Ga0115004_10002853_____Ga0115004_100_028537_CDS,997,4196
674,3300013094_____Ga0164297_10003112_____Ga0164297_100_0311213_CDS,663,2667
675,3300009164_____Ga0114975_10000616_____Ga0114975_100_006166_CDS,162,558
676,3300002091_____JGI24028J26656_1000152_____JGI24028J_26656_100015217_CDS,1381,4001
677,3300009165_____Ga0105102_10000429_____Ga0105102_100_0042910_CDS,780,2370
678,3300009180_____Ga0114979_10001868_____Ga0114979_100_0186810_CDS,963,2961
679,3300009180_____Ga0114979_10001868_____Ga0114979_100_0186811_CDS,970,2765
680,3300009180_____Ga0114979_10001868_____Ga0114979_100_0186812_CDS,573,1587
681,3300010157_____Ga0114964_10002903_____Ga0114964_100_029031_CDS,430,1163
682,3300010885_____Ga0133913_10008705_____Ga0133913_100_087051_CDS,79572,0
683,3300009163_____Ga0114970_10000439_____Ga0114970_100_0043918_CDS,1348,4511
684,3300009164_____Ga0114975_10000879_____Ga0114975_100_008792_CDS,1351,4535
685,3300009526_____Ga0115004_10002853_____Ga0115004_100_028532_CDS,482,1570
686,3300003375_____JGI26470J50227_1000846_____JGI26470J_50227_10008461_CDS,982,2381
687,3300006119_____Ga0007866_1000399_____Ga0007866_1000_3992_CDS,739,2285
688,3300006916_____Ga0070750_10000267_____Ga0070750_100_0026721_CDS,1615,5315
689,3300007538_____Ga0099851_1000248_____Ga0099851_1000_2485_CDS,1770,5763
690,3300007540_____Ga0099847_1000087_____Ga0099847_1000_0879_CDS,1334,4012
691,3300007540_____Ga0099847_1000087_____Ga0099847_1000_0878_CDS,1230,3630
692,3300009159_____Ga0114978_10000595_____Ga0114978_100_005952_CDS,1383,4467
693,3300003375_____JGI26470J50227_1000268_____JGI26470J_50227_100026819_CDS,514,1709
694,3300003820_____Ga0007863_1000076_____Ga0007863_1000_0769_CDS,387,1368
695,3300005662_____Ga0078894_10001308_____Ga0078894_100_0130811_CDS,372,1428
696,3300005931_____Ga0075119_1001447_____Ga0075119_1001_44711_CDS,349,1451
697,3300006916_____Ga0070750_10000267_____Ga0070750_100_0026720_CDS,451,1691
698,3300007516_____Ga0105050_10007389_____Ga0105050_100_073895_CDS,441,1512
699,3300007540_____Ga0099847_1000087_____Ga0099847_1000_0877_CDS,501,2001
700,3300009160_____Ga0114981_10001071_____Ga0114981_100_010713_CDS,395,1468
701,3300009163_____Ga0114970_10000439_____Ga0114970_100_004399_CDS,462,1833
702,3300009164_____Ga0114975_10001152_____Ga0114975_100_0115213_CDS,395,1414
703,3300010157_____Ga0114964_10002903_____Ga0114964_100_029037_CDS,422,1369
704,3300002091_____JGI24028J26656_1000152_____JGI24028J_26656_100015211_CDS,1360,4355
705,3300003820_____Ga0007863_1000076_____Ga0007863_1000_07616_CDS,564,1902
706,3300006117_____Ga0007818_1000137_____Ga0007818_1000_1372_CDS,892,2573
707,3300007516_____Ga0105050_10007389_____Ga0105050_100_073899_CDS,939,3003
708,3300009151_____Ga0114962_10000779_____Ga0114962_100_0077915_CDS,1307,4453
709,3300009151_____Ga0114962_10002859_____Ga0114962_100_028594_CDS,1392,4566
710,3300009160_____Ga0114981_10000712_____Ga0114981_100_0071210_CDS,834,2631
711,3300009184_____Ga0114976_10001516_____Ga0114976_100_015161_CDS,339,1200
712,3300009413_____Ga0114902_1000298_____Ga0114902_1000_29832_CDS,912,3282
713,3300010334_____Ga0136644_10001697_____Ga0136644_100_0169710_CDS,771,2487
714,3300005861_____Ga0080006_1175989_____Ga0080006_1175_98910_CDS,118,530
715,3300005861_____Ga0080006_1218239_____Ga0080006_1218_23911_CDS,112,500
716,3300010158_____Ga0114960_10001476_____Ga0114960_100_014765_CDS,1233,3555
717,3300006916_____Ga0070750_10000267_____Ga0070750_100_0026732_CDS,634,2129
718,3300007523_____Ga0105052_10004511_____Ga0105052_100_0451112_CDS,692,2071
719,3300007523_____Ga0105052_10004511_____Ga0105052_100_0451111_CDS,504,1683
720,3300007523_____Ga0105052_10004511_____Ga0105052_100_0451110_CDS,479,1492
721,3300007722_____Ga0105051_10006406_____Ga0105051_100_064069_CDS,488,1519
722,3300009182_____Ga0114959_10001102_____Ga0114959_100_0110223_CDS,623,2122
723,3300009182_____Ga0114959_10001102_____Ga0114959_100_0110225_CDS,581,2110
724,3300002307_____JGI24890J29729_1000652_____JGI24890J_29729_100065214_CDS,122,526
725,3300005861_____Ga0080006_1175989_____Ga0080006_1175_98912_CDS,109,431
726,3300005861_____Ga0080006_1218239_____Ga0080006_1218_23912_CDS,112,428
727,3300002301_____JGI24891J29808_1000608_____JGI24891J_29808_10006088_CDS,230,877
728,3300009159_____Ga0114978_10003482_____Ga0114978_100_034826_CDS,769,2705
729,3300009181_____Ga0114969_10000987_____Ga0114969_100_0098725_CDS,334,1277
730,3300002307_____JGI24890J29729_1000225_____JGI24890J_29729_10002251_CDS,505,2051
731,3300005931_____Ga0075119_1001447_____Ga0075119_1001_44712_CDS,120,636
732,3300006116_____Ga0007807_1000493_____Ga0007807_1000_49319_CDS,417,1554
733,3300006117_____Ga0007818_1000137_____Ga0007818_1000_13722_CDS,422,1549
734,3300007541_____Ga0099848_1000347_____Ga0099848_1000_34720_CDS,558,2367
735,3300009151_____Ga0114962_10001763_____Ga0114962_100_017633_CDS,509,1858
736,3300009184_____Ga0114976_10001516_____Ga0114976_100_0151611_CDS,487,1799
737,3300002307_____JGI24890J29729_1000626_____JGI24890J_29729_100062616_CDS,432,1458
738,3300002307_____JGI24890J29729_1000712_____JGI24890J_29729_10007125_CDS,428,1435
739,3300009151_____Ga0114962_10000711_____Ga0114962_100_007114_CDS,192,627
740,3300009164_____Ga0114975_10000616_____Ga0114975_100_0061615_CDS,351,1116
741,3300002301_____JGI24891J29808_1000717_____JGI24891J_29808_100071713_CDS,261,909
742,3300009184_____Ga0114976_10001516_____Ga0114976_100_015169_CDS,214,740
743,3300009684_____Ga0114958_10000782_____Ga0114958_100_0078219_CDS,180,702
744,3300010157_____Ga0114964_10002903_____Ga0114964_100_029039_CDS,210,735
745,3300005662_____Ga0078894_10004883_____Ga0078894_100_048831_CDS,877,2939
746,3300009151_____Ga0114962_10000711_____Ga0114962_100_007115_CDS,940,2957
747,3300009151_____Ga0114962_10002354_____Ga0114962_100_023548_CDS,844,2954
748,3300009155_____Ga0114968_10000753_____Ga0114968_100_007538_CDS,766,2789
749,3300009164_____Ga0114975_10000387_____Ga0114975_100_003875_CDS,883,2879
750,3300009164_____Ga0114975_10000616_____Ga0114975_100_0061616_CDS,879,3090
751,3300009183_____Ga0114974_10000564_____Ga0114974_100_0056414_CDS,925,2873
752,3300009183_____Ga0114974_10000724_____Ga0114974_100_0072415_CDS,853,3053
753,3300009419_____Ga0114982_1000775_____Ga0114982_1000_7759_CDS,835,2963
754,3300013285_____Ga0136642_1000288_____Ga0136642_1000_2887_CDS,995,3136
755,3300013286_____Ga0136641_1000185_____Ga0136641_1000_1856_CDS,888,2937
756,3300002091_____JGI24028J26656_1000152_____JGI24028J_26656_100015227_CDS,917,3403
757,3300002307_____JGI24890J29729_1000652_____JGI24890J_29729_100065223_CDS,345,1428
758,3300009154_____Ga0114963_10000410_____Ga0114963_100_0041030_CDS,731,2887
759,3300009164_____Ga0114975_10001038_____Ga0114975_100_010385_CDS,1001,3418
760,3300006916_____Ga0070750_10000267_____Ga0070750_100_0026724_CDS,298,1241
761,3300007540_____Ga0099847_1000701_____Ga0099847_1000_7011_CDS,293,1246
762,3300007541_____Ga0099848_1000221_____Ga0099848_1000_2214_CDS,276,1245
763,3300009151_____Ga0114962_10000842_____Ga0114962_100_008428_CDS,632,1897
764,3300009182_____Ga0114959_10002069_____Ga0114959_100_020698_CDS,231,984
765,3300009526_____Ga0115004_10002853_____Ga0115004_100_0285318_CDS,318,1338
766,3300009684_____Ga0114958_10000782_____Ga0114958_100_007823_CDS,754,2981
767,3300006802_____Ga0070749_10000650_____Ga0070749_100_0065028_CDS,1562,6718
768,3300006802_____Ga0070749_10001201_____Ga0070749_100_0120118_CDS,1553,6646
769,3300007541_____Ga0099848_1000221_____Ga0099848_1000_22126_CDS,2493,10593
770,3300007541_____Ga0099848_1001120_____Ga0099848_1001_12018_CDS,1358,5563
771,3300009154_____Ga0114963_10000678_____Ga0114963_100_006788_CDS,2545,11198
772,3300010157_____Ga0114964_10001616_____Ga0114964_100_0161616_CDS,1749,7719
773,3300002307_____JGI24890J29729_1000626_____JGI24890J_29729_100062617_CDS,719,2305
774,3300002307_____JGI24890J29729_1000712_____JGI24890J_29729_10007123_CDS,720,2313
775,3300009151_____Ga0114962_10000711_____Ga0114962_100_007112_CDS,836,2557
776,3300009151_____Ga0114962_10002354_____Ga0114962_100_023544_CDS,1152,3600
777,3300009164_____Ga0114975_10000427_____Ga0114975_100_0042711_CDS,1047,3057
778,3300009164_____Ga0114975_10000616_____Ga0114975_100_0061617_CDS,633,2247
779,3300009419_____Ga0114982_1000775_____Ga0114982_1000_7758_CDS,625,2255
780,3300010157_____Ga0114964_10000508_____Ga0114964_100_0050815_CDS,892,2672
781,3300003852_____Ga0031655_10000867_____Ga0031655_100_008672_CDS,2098,8624
782,3300006802_____Ga0070749_10000650_____Ga0070749_100_0065016_CDS,1419,6537
783,3300007541_____Ga0099848_1000347_____Ga0099848_1000_34719_CDS,1906,7661
784,3300009154_____Ga0114963_10000678_____Ga0114963_100_0067811_CDS,1779,8436
785,3300009154_____Ga0114963_10002494_____Ga0114963_100_024949_CDS,1717,7607
786,3300009163_____Ga0114970_10002242_____Ga0114970_100_022422_CDS,1634,7483
787,3300009180_____Ga0114979_10000767_____Ga0114979_100_0076716_CDS,1488,6819
788,3300014720_____Ga0172376_10003463_____Ga0172376_100_034631_CDS,1428,6465
789,3300005662_____Ga0078894_10001308_____Ga0078894_100_0130817_CDS,849,3291
790,3300005662_____Ga0078894_10003625_____Ga0078894_100_036251_CDS,591,2280
791,3300005861_____Ga0080006_1175989_____Ga0080006_1175_98914_CDS,719,2557
792,3300012031_____Ga0136561_1000616_____Ga0136561_1000_61611_CDS,723,3021
793,3300013094_____Ga0164297_10003112_____Ga0164297_100_031123_CDS,712,2933
794,3300006119_____Ga0007866_1000151_____Ga0007866_1000_15118_CDS,602,2314
795,3300006916_____Ga0070750_10000267_____Ga0070750_100_0026725_CDS,548,2386
796,3300007345_____Ga0070752_1001124_____Ga0070752_1001_1244_CDS,571,2363
797,3300009159_____Ga0114978_10000739_____Ga0114978_100_007393_CDS,568,2240
798,3300010160_____Ga0114967_10001208_____Ga0114967_100_0120822_CDS,567,2331
799,3300010158_____Ga0114960_10001476_____Ga0114960_100_0147616_CDS,279,810
800,3300009154_____Ga0114963_10000678_____Ga0114963_100_006781_CDS,127,584
801,3300006127_____Ga0007805_1000725_____Ga0007805_1000_72510_CDS,1114,3629
802,3300009158_____Ga0114977_10002688_____Ga0114977_100_026881_CDS,476,1729
803,3300009184_____Ga0114976_10001631_____Ga0114976_100_0163115_CDS,710,2458
804,3300013093_____Ga0164296_1003181_____Ga0164296_1003_18116_CDS,769,2570
805,3300013126_____Ga0172367_10002920_____Ga0172367_100_029205_CDS,772,2666
806,3300009151_____Ga0114962_10000711_____Ga0114962_100_0071123_CDS,667,2348
807,3300009151_____Ga0114962_10002354_____Ga0114962_100_023545_CDS,683,2305
808,3300009155_____Ga0114968_10000753_____Ga0114968_100_0075319_CDS,630,2358
809,3300009164_____Ga0114975_10000387_____Ga0114975_100_0038710_CDS,706,2327
810,3300009164_____Ga0114975_10000616_____Ga0114975_100_006165_CDS,598,2327
811,3300009183_____Ga0114974_10000724_____Ga0114974_100_007244_CDS,581,2218
812,3300010157_____Ga0114964_10000508_____Ga0114964_100_0050816_CDS,740,2491
813,3300003375_____JGI26470J50227_1000268_____JGI26470J_50227_100026824_CDS,1257,4152
814,3300006117_____Ga0007818_1000137_____Ga0007818_1000_1374_CDS,2151,7425
815,3300009155_____Ga0114968_10001484_____Ga0114968_100_0148416_CDS,1906,6518
816,3300009160_____Ga0114981_10000712_____Ga0114981_100_0071212_CDS,1419,5007
817,3300009164_____Ga0114975_10001152_____Ga0114975_100_011526_CDS,2313,8631
818,3300009184_____Ga0114976_10002007_____Ga0114976_100_0200712_CDS,1182,4164
819,3300010334_____Ga0136644_10001697_____Ga0136644_100_016978_CDS,2195,8146
820,3300005581_____Ga0049081_10000582_____Ga0049081_100_0058215_CDS,1680,7617
821,3300005861_____Ga0080006_1175989_____Ga0080006_1175_98913_CDS,1126,4544
822,3300006484_____Ga0070744_10000380_____Ga0070744_100_0038016_CDS,1606,6989
823,3300006802_____Ga0070749_10001496_____Ga0070749_100_014962_CDS,1753,7886
824,3300006802_____Ga0070749_10002953_____Ga0070749_100_0295312_CDS,1755,7839
825,3300007633_____Ga0102940_1002147_____Ga0102940_1002_1477_CDS,2803,12182
826,3300009618_____Ga0116127_1001084_____Ga0116127_1001_0842_CDS,2321,8947
827,3300013094_____Ga0164297_10003112_____Ga0164297_100_031121_CDS,732,3156
828,3300006916_____Ga0070750_10000267_____Ga0070750_100_0026710_CDS,153,657
829,3300009151_____Ga0114962_10001148_____Ga0114962_100_011489_CDS,269,1090
830,3300006116_____Ga0007807_1000493_____Ga0007807_1000_4931_CDS,730,2609
831,3300009160_____Ga0114981_10000712_____Ga0114981_100_0071214_CDS,593,2080
832,3300009181_____Ga0114969_10000735_____Ga0114969_100_0073518_CDS,495,1728
833,3300009154_____Ga0114963_10002494_____Ga0114963_100_024943_CDS,547,1487
834,3300009182_____Ga0114959_10002038_____Ga0114959_100_020386_CDS,3188,9826
835,3300006916_____Ga0070750_10000267_____Ga0070750_100_0026718_CDS,399,1608
836,3300009155_____Ga0114968_10001484_____Ga0114968_100_0148415_CDS,711,2331
837,3300009164_____Ga0114975_10001152_____Ga0114975_100_0115212_CDS,543,2013
838,3300009182_____Ga0114959_10002069_____Ga0114959_100_0206910_CDS,360,1512
839,3300010885_____Ga0133913_10008705_____Ga0133913_100_087058_CDS,682,2261
840,3300006916_____Ga0070750_10000267_____Ga0070750_100_0026731_CDS,354,1383
841,3300006916_____Ga0070750_10000267_____Ga0070750_100_0026719_CDS,299,1285
842,3300006916_____Ga0070750_10000267_____Ga0070750_100_002678_CDS,673,2792
843,3300009159_____Ga0114978_10000595_____Ga0114978_100_005953_CDS,829,3194
844,3300005936_____Ga0075124_10000854_____Ga0075124_100_0085414_CDS,148,527
845,3300006916_____Ga0070750_10000267_____Ga0070750_100_0026716_CDS,101,439
846,3300002307_____JGI24890J29729_1000652_____JGI24890J_29729_100065215_CDS,1461,4551
847,3300009151_____Ga0114962_10001148_____Ga0114962_100_011482_CDS,2000,5803
848,3300009154_____Ga0114963_10002531_____Ga0114963_100_0253110_CDS,1546,4376
849,3300009154_____Ga0114963_10003513_____Ga0114963_100_035137_CDS,1278,3771
850,3300010157_____Ga0114964_10000624_____Ga0114964_100_0062428_CDS,1396,4292
851,3300010157_____Ga0114964_10000624_____Ga0114964_100_006242_CDS,1267,3521
852,3300010157_____Ga0114964_10000881_____Ga0114964_100_008811_CDS,2038,5810
853,3300010157_____Ga0114964_10002671_____Ga0114964_100_026717_CDS,2388,6216
854,3300010160_____Ga0114967_10001208_____Ga0114967_100_0120823_CDS,791,2260
855,3300010885_____Ga0133913_10009803_____Ga0133913_100_0980323_CDS,1390,4163
856,3300006802_____Ga0070749_10000650_____Ga0070749_100_0065014_CDS,1547,5248
857,3300006802_____Ga0070749_10001201_____Ga0070749_100_0120110_CDS,1244,4705
858,3300006802_____Ga0070749_10001496_____Ga0070749_100_0149614_CDS,1121,4234
859,3300006802_____Ga0070749_10001496_____Ga0070749_100_014969_CDS,392,1570
860,3300006802_____Ga0070749_10002953_____Ga0070749_100_029531_CDS,316,1205
861,3300007541_____Ga0099848_1000221_____Ga0099848_1000_22114_CDS,1517,5287
862,3300007541_____Ga0099848_1000347_____Ga0099848_1000_3473_CDS,1369,4661
863,3300007542_____Ga0099846_1001258_____Ga0099846_1001_2586_CDS,431,1396
864,3300007542_____Ga0099846_1001258_____Ga0099846_1001_2589_CDS,312,939
865,3300010368_____Ga0129324_10003043_____Ga0129324_100_030439_CDS,1021,3515
866,3300013126_____Ga0172367_10002111_____Ga0172367_100_0211126_CDS,928,2681
867,3300013126_____Ga0172367_10002111_____Ga0172367_100_0211127_CDS,413,1261
868,3300002098_____JGI24219J26650_1000491_____JGI24219J_26650_10004912_CDS,1941,8247
869,3300002098_____JGI24219J26650_1000581_____JGI24219J_26650_10005811_CDS,1893,8376
870,3300004807_____Ga0007809_10000678_____Ga0007809_100_0067810_CDS,1973,8701
871,3300005528_____Ga0068872_10004051_____Ga0068872_100_040511_CDS,1537,6446
872,3300005581_____Ga0049081_10000462_____Ga0049081_100_0046213_CDS,2274,9246
873,3300006127_____Ga0007805_1000262_____Ga0007805_1000_26213_CDS,2791,10853
874,3300007346_____Ga0070753_1000309_____Ga0070753_1000_30929_CDS,1972,6596
875,3300007640_____Ga0070751_1001973_____Ga0070751_1001_9731_CDS,1273,4352
876,3300009548_____Ga0116107_1001592_____Ga0116107_1001_5921_CDS,2156,9103
877,3300002301_____JGI24891J29808_1000717_____JGI24891J_29808_10007175_CDS,210,825
878,3300006116_____Ga0007807_1000493_____Ga0007807_1000_49315_CDS,200,826
879,3300009155_____Ga0114968_10001484_____Ga0114968_100_0148414_CDS,199,809
880,3300009184_____Ga0114976_10001516_____Ga0114976_100_0151610_CDS,995,3109
881,3300005528_____Ga0068872_10004467_____Ga0068872_100_0446713_CDS,459,1665
882,3300009163_____Ga0114970_10000439_____Ga0114970_100_0043920_CDS,1501,5258
883,3300009184_____Ga0114976_10001781_____Ga0114976_100_017816_CDS,1477,4958
884,3300013126_____Ga0172367_10002111_____Ga0172367_100_0211121_CDS,1291,4838
885,3300009182_____Ga0114959_10001102_____Ga0114959_100_0110217_CDS,684,3087
886,3300002301_____JGI24891J29808_1000717_____JGI24891J_29808_10007172_CDS,254,1006
887,3300006116_____Ga0007807_1000493_____Ga0007807_1000_49313_CDS,284,1129
888,3300006116_____Ga0007807_1000478_____Ga0007807_1000_4785_CDS,2128,5297
889,3300006117_____Ga0007818_1000137_____Ga0007818_1000_13719_CDS,841,2444
890,3300010157_____Ga0114964_10000508_____Ga0114964_100_0050817_CDS,2090,5686
891,3300013285_____Ga0136642_1000288_____Ga0136642_1000_28814_CDS,904,2543
892,3300013286_____Ga0136641_1000158_____Ga0136641_1000_15826_CDS,775,2258
893,3300013286_____Ga0136641_1001342_____Ga0136641_1001_34211_CDS,471,1419
894,3300005528_____Ga0068872_10004467_____Ga0068872_100_044671_CDS,1451,4426
895,3300009184_____Ga0114976_10001781_____Ga0114976_100_0178112_CDS,322,1037
896,3300007540_____Ga0099847_1000701_____Ga0099847_1000_70110_CDS,519,2181
897,3300003375_____JGI26470J50227_1000846_____JGI26470J_50227_100084613_CDS,241,713
898,3300003375_____JGI26470J50227_1000846_____JGI26470J_50227_100084612_CDS,230,697
899,3300003375_____JGI26470J50227_1000846_____JGI26470J_50227_100084610_CDS,1094,3973
900,3300009185_____Ga0114971_10002619_____Ga0114971_100_026192_CDS,2017,7379
901,3300010157_____Ga0114964_10000881_____Ga0114964_100_0088121_CDS,1068,3909
902,3300010354_____Ga0129333_10000799_____Ga0129333_100_007991_CDS,82641,0
903,3300013126_____Ga0172367_10002111_____Ga0172367_100_021111_CDS,83172,0
904,3300013126_____Ga0172367_10002111_____Ga0172367_100_0211125_CDS,508,1535
905,3300009158_____Ga0114977_10002688_____Ga0114977_100_026889_CDS,729,3195
906,3300010354_____Ga0129333_10001104_____Ga0129333_100_011042_CDS,751,3209
907,3300009164_____Ga0114975_10000427_____Ga0114975_100_0042715_CDS,471,1563
908,3300009183_____Ga0114974_10000564_____Ga0114974_100_0056418_CDS,409,1499
909,3300006116_____Ga0007807_1000493_____Ga0007807_1000_4938_CDS,437,1759
910,3300009160_____Ga0114981_10000712_____Ga0114981_100_007121_CDS,506,2554
911,3300009164_____Ga0114975_10000427_____Ga0114975_100_0042724_CDS,2309,7015
912,3300013126_____Ga0172367_10002920_____Ga0172367_100_029206_CDS,1282,4325
913,3300010334_____Ga0136644_10001697_____Ga0136644_100_016976_CDS,140,634
914,3300006119_____Ga0007866_1000399_____Ga0007866_1000_39910_CDS,848,3103
915,3300006802_____Ga0070749_10003404_____Ga0070749_100_0340410_CDS,1610,5959
916,3300007541_____Ga0099848_1001104_____Ga0099848_1001_1046_CDS,857,3130
917,3300013094_____Ga0164297_10003112_____Ga0164297_100_031129_CDS,620,1963
918,3300003852_____Ga0031655_10001695_____Ga0031655_100_016955_CDS,2315,7105
919,3300009160_____Ga0114981_10000712_____Ga0114981_100_0071223_CDS,1338,5385
920,3300005936_____Ga0075124_10000854_____Ga0075124_100_008543_CDS,591,1983
921,3300006916_____Ga0070750_10000267_____Ga0070750_100_002676_CDS,544,1832
922,3300007345_____Ga0070752_1001124_____Ga0070752_1001_12415_CDS,522,1854
923,3300007523_____Ga0105052_10004511_____Ga0105052_100_045115_CDS,697,2219
924,3300007540_____Ga0099847_1000567_____Ga0099847_1000_56710_CDS,514,1862
925,3300009154_____Ga0114963_10000931_____Ga0114963_100_009314_CDS,734,2776
926,3300009182_____Ga0114959_10004282_____Ga0114959_100_042823_CDS,486,1512
927,3300010157_____Ga0114964_10000624_____Ga0114964_100_0062415_CDS,244,854
928,3300009164_____Ga0114975_10000427_____Ga0114975_100_0042716_CDS,251,838
929,3300005936_____Ga0075124_10000854_____Ga0075124_100_008545_CDS,544,2246
930,3300007523_____Ga0105052_10004511_____Ga0105052_100_0451113_CDS,439,1802
931,3300009158_____Ga0114977_10001724_____Ga0114977_100_0172410_CDS,1801,5165
932,3300009183_____Ga0114974_10004685_____Ga0114974_100_046852_CDS,219,798
933,3300010157_____Ga0114964_10000508_____Ga0114964_100_0050811_CDS,152,541
934,3300001097_____JGIcombinedJ13537_10000434_____JGIco_mbinedJ13537_1000043425_CDS,498,2022
935,3300003852_____Ga0031655_10001695_____Ga0031655_100_016952_CDS,170,658
936,3300002307_____JGI24890J29729_1000626_____JGI24890J_29729_100062618_CDS,1755,4806
937,3300009151_____Ga0114962_10002354_____Ga0114962_100_023546_CDS,247,707
938,3300009180_____Ga0114979_10001868_____Ga0114979_100_018684_CDS,100,413
939,3300006802_____Ga0070749_10002953_____Ga0070749_100_029537_CDS,168,768
940,3300007541_____Ga0099848_1000347_____Ga0099848_1000_34721_CDS,150,696
941,3300005861_____Ga0080006_1175989_____Ga0080006_1175_98911_CDS,389,1744
942,3300005861_____Ga0080006_1218239_____Ga0080006_1218_23913_CDS,400,1778
943,3300005528_____Ga0068872_10004467_____Ga0068872_100_044672_CDS,265,707
944,3300002307_____JGI24890J29729_1000627_____JGI24890J_29729_10006279_CDS,900,3390
945,3300009151_____Ga0114962_10001373_____Ga0114962_100_0137314_CDS,1618,6158
946,3300009184_____Ga0114976_10002882_____Ga0114976_100_0288210_CDS,1097,3943
947,3300006116_____Ga0007807_1000478_____Ga0007807_1000_4784_CDS,662,2254
948,3300009154_____Ga0114963_10000572_____Ga0114963_100_0057212_CDS,1713,6918
949,3300009154_____Ga0114963_10003380_____Ga0114963_100_033805_CDS,1557,6192
950,3300010334_____Ga0136644_10001890_____Ga0136644_100_0189012_CDS,2044,8090
951,3300009158_____Ga0114977_10001471_____Ga0114977_100_014711_CDS,438,1596
952,3300009164_____Ga0114975_10002759_____Ga0114975_100_027594_CDS,706,2615
953,3300010158_____Ga0114960_10000772_____Ga0114960_100_0077217_CDS,740,2590
954,3300009154_____Ga0114963_10000410_____Ga0114963_100_004105_CDS,376,1577
955,3300007541_____Ga0099848_1001104_____Ga0099848_1001_10412_CDS,284,1246
956,3300009163_____Ga0114970_10000439_____Ga0114970_100_0043913_CDS,489,1995
957,3300010160_____Ga0114967_10001208_____Ga0114967_100_012089_CDS,303,1011
958,3300009160_____Ga0114981_10000978_____Ga0114981_100_009781_CDS,375,1353
959,3300006117_____Ga0007818_1000137_____Ga0007818_1000_13720_CDS,375,1272
960,3300009160_____Ga0114981_10000978_____Ga0114981_100_009789_CDS,684,2439
961,3300009154_____Ga0114963_10000678_____Ga0114963_100_006787_CDS,1236,4578
962,3300006802_____Ga0070749_10003404_____Ga0070749_100_034041_CDS,129,528
963,3300007162_____Ga0079300_10000389_____Ga0079300_100_003891_CDS,2324,7927
964,3300007345_____Ga0070752_1001124_____Ga0070752_1001_12412_CDS,622,2195
965,3300007540_____Ga0099847_1000567_____Ga0099847_1000_5678_CDS,595,2087
966,3300007540_____Ga0099847_1000701_____Ga0099847_1000_7014_CDS,564,1956
967,3300006802_____Ga0070749_10001496_____Ga0070749_100_0149611_CDS,252,891
968,3300006802_____Ga0070749_10002953_____Ga0070749_100_029536_CDS,306,1260
969,3300009151_____Ga0114962_10002859_____Ga0114962_100_0285911_CDS,586,1619
970,3300009158_____Ga0114977_10000780_____Ga0114977_100_007806_CDS,2466,7218
971,3300009164_____Ga0114975_10001038_____Ga0114975_100_0103816_CDS,2456,7219
972,3300007540_____Ga0099847_1000087_____Ga0099847_1000_08713_CDS,874,2789
973,3300007540_____Ga0099847_1000087_____Ga0099847_1000_08714_CDS,837,2691
974,3300003375_____JGI26470J50227_1000268_____JGI26470J_50227_100026812_CDS,411,1317
975,3300005527_____Ga0068876_10000772_____Ga0068876_100_007721_CDS,333,1125
976,3300007516_____Ga0105050_10007389_____Ga0105050_100_073896_CDS,818,2386
977,3300002307_____JGI24890J29729_1000627_____JGI24890J_29729_100062714_CDS,502,1811
978,3300002307_____JGI24890J29729_1000627_____JGI24890J_29729_100062717_CDS,357,1290
979,3300001097_____JGIcombinedJ13537_10000434_____JGIco_mbinedJ13537_100004341_CDS,1060,3023
980,3300001097_____JGIcombinedJ13537_10000434_____JGIco_mbinedJ13537_1000043427_CDS,457,1343
981,3300003413_____JGI25922J50271_10000494_____JGI25922_J50271_100004942_CDS,2018,6946
982,3300010158_____Ga0114960_10000772_____Ga0114960_100_0077211_CDS,763,2945
983,3300007633_____Ga0102940_1002147_____Ga0102940_1002_1471_CDS,625,2264
984,3300005527_____Ga0068876_10000772_____Ga0068876_100_0077210_CDS,208,656
985,3300006916_____Ga0070750_10000267_____Ga0070750_100_002679_CDS,288,1179
986,3300007722_____Ga0105051_10006406_____Ga0105051_100_064064_CDS,296,1144
987,3300007516_____Ga0105050_10007389_____Ga0105050_100_073891_CDS,305,838
988,3300009184_____Ga0114976_10001631_____Ga0114976_100_016316_CDS,1076,4288
989,3300014492_____Ga0182013_10004328_____Ga0182013_100_0432814_CDS,572,1750
990,3300007541_____Ga0099848_1000221_____Ga0099848_1000_22113_CDS,422,1432
991,3300009151_____Ga0114962_10000711_____Ga0114962_100_0071119_CDS,785,2464
992,3300010157_____Ga0114964_10000599_____Ga0114964_100_0059915_CDS,1089,3258
993,3300002307_____JGI24890J29729_1000627_____JGI24890J_29729_100062715_CDS,343,1412
994,3300007541_____Ga0099848_1000221_____Ga0099848_1000_22128_CDS,266,1075
995,3300009151_____Ga0114962_10000711_____Ga0114962_100_0071110_CDS,236,880
996,3300003375_____JGI26470J50227_1000846_____JGI26470J_50227_10008468_CDS,236,862
997,3300006802_____Ga0070749_10001201_____Ga0070749_100_012019_CDS,630,2709
998,3300006802_____Ga0070749_10001496_____Ga0070749_100_0149613_CDS,640,2735
999,3300013286_____Ga0136641_1000158_____Ga0136641_1000_15825_CDS,213,606
1000,3300013286_____Ga0136641_1001342_____Ga0136641_1001_34210_CDS,66,258
1001,3300005931_____Ga0075119_1001447_____Ga0075119_1001_4472_CDS,675,2772
1002,3300007541_____Ga0099848_1001104_____Ga0099848_1001_1043_CDS,472,2093
1003,3300007542_____Ga0099846_1001258_____Ga0099846_1001_25814_CDS,332,1522
1004,3300007541_____Ga0099848_1001706_____Ga0099848_1001_70612_CDS,1049,3865
1005,3300002301_____JGI24891J29808_1000608_____JGI24891J_29808_100060810_CDS,170,613
1006,3300009163_____Ga0114970_10000439_____Ga0114970_100_0043912_CDS,470,2014
1007,3300007276_____Ga0070747_1000780_____Ga0070747_1000_7809_CDS,317,1276
1008,3300009154_____Ga0114963_10000572_____Ga0114963_100_005721_CDS,415,2024
1009,3300009182_____Ga0114959_10002069_____Ga0114959_100_020699_CDS,481,2174
1010,3300007541_____Ga0099848_1001706_____Ga0099848_1001_7068_CDS,202,914
1011,3300014720_____Ga0172376_10003463_____Ga0172376_100_0346313_CDS,273,1176
1012,3300009164_____Ga0114975_10000879_____Ga0114975_100_0087916_CDS,638,2395
1013,3300009151_____Ga0114962_10000711_____Ga0114962_100_0071112_CDS,476,1783
1014,3300010157_____Ga0114964_10000599_____Ga0114964_100_0059912_CDS,531,1728
1015,3300009164_____Ga0114975_10000616_____Ga0114975_100_0061625_CDS,1208,4309
1016,3300009154_____Ga0114963_10000572_____Ga0114963_100_005722_CDS,131,580
1017,3300009187_____Ga0114972_10001281_____Ga0114972_100_0128116_CDS,129,609
1018,3300006103_____Ga0007813_1000158_____Ga0007813_1000_15827_CDS,356,1102
1019,3300010158_____Ga0114960_10000772_____Ga0114960_100_0077225_CDS,366,1479
1020,3300006117_____Ga0007818_1000137_____Ga0007818_1000_13711_CDS,506,1501
1021,3300006127_____Ga0007805_1000719_____Ga0007805_1000_7198_CDS,506,1528
1022,3300009548_____Ga0116107_1001113_____Ga0116107_1001_11315_CDS,584,1783
1023,3300009181_____Ga0114969_10000735_____Ga0114969_100_0073526_CDS,399,1545
1024,3300009160_____Ga0114981_10001071_____Ga0114981_100_010712_CDS,116,532
1025,3300010334_____Ga0136644_10000572_____Ga0136644_100_0057220_CDS,357,1335
1026,3300013132_____Ga0172372_10006529_____Ga0172372_100_065293_CDS,334,1502
1027,3300014720_____Ga0172376_10005535_____Ga0172376_100_0553512_CDS,74,367
1028,3300013094_____Ga0164297_10003112_____Ga0164297_100_0311210_CDS,558,2097
1029,3300005528_____Ga0068872_10004051_____Ga0068872_100_0405113_CDS,644,2110
1030,3300007541_____Ga0099848_1000347_____Ga0099848_1000_34710_CDS,698,2497
1031,3300009164_____Ga0114975_10000616_____Ga0114975_100_0061613_CDS,726,2505
1032,3300006127_____Ga0007805_1000719_____Ga0007805_1000_7196_CDS,173,628
1033,3300002307_____JGI24890J29729_1000712_____JGI24890J_29729_100071217_CDS,463,1487
1034,3300005931_____Ga0075119_1001447_____Ga0075119_1001_4479_CDS,841,2705
1035,3300006117_____Ga0007818_1000137_____Ga0007818_1000_13721_CDS,230,796
1036,3300002307_____JGI24890J29729_1000626_____JGI24890J_29729_100062611_CDS,349,1271
1037,3300002307_____JGI24890J29729_1000712_____JGI24890J_29729_100071210_CDS,372,1284
1038,3300001097_____JGIcombinedJ13537_10000434_____JGIco_mbinedJ13537_1000043410_CDS,326,961
1039,3300001097_____JGIcombinedJ13537_10000434_____JGIco_mbinedJ13537_1000043411_CDS,325,944
1040,3300001097_____JGIcombinedJ13537_10000434_____JGIco_mbinedJ13537_1000043412_CDS,305,928
1041,3300009158_____Ga0114977_10001724_____Ga0114977_100_017248_CDS,466,1307
1042,3300009164_____Ga0114975_10000879_____Ga0114975_100_0087912_CDS,124,524
1043,3300007540_____Ga0099847_1000567_____Ga0099847_1000_5675_CDS,318,1050
1044,3300009184_____Ga0114976_10001516_____Ga0114976_100_0151612_CDS,363,1392
1045,3300010885_____Ga0133913_10009803_____Ga0133913_100_098036_CDS,211,977
1046,3300006119_____Ga0007866_1000151_____Ga0007866_1000_1515_CDS,237,681
1047,3300002307_____JGI24890J29729_1000626_____JGI24890J_29729_10006262_CDS,288,1008
1048,3300002307_____JGI24890J29729_1000712_____JGI24890J_29729_100071220_CDS,326,1204
1049,3300002307_____JGI24890J29729_1000712_____JGI24890J_29729_100071219_CDS,1799,5722
1050,3300009184_____Ga0114976_10001516_____Ga0114976_100_015163_CDS,486,1944
1051,3300010885_____Ga0133913_10023783_____Ga0133913_100_2378313_CDS,608,2317
1052,3300002307_____JGI24890J29729_1000626_____JGI24890J_29729_100062610_CDS,573,0
1053,3300002307_____JGI24890J29729_1000712_____JGI24890J_29729_100071211_CDS,573,0
1054,3300005528_____Ga0068872_10004467_____Ga0068872_100_0446712_CDS,603,1917
1055,3300009163_____Ga0114970_10000439_____Ga0114970_100_0043921_CDS,537,1785
1056,3300003375_____JGI26470J50227_1000268_____JGI26470J_50227_100026820_CDS,179,586
1057,3300005528_____Ga0068872_10004467_____Ga0068872_100_044679_CDS,170,568
1058,3300009163_____Ga0114970_10000439_____Ga0114970_100_0043924_CDS,139,527
1059,3300007542_____Ga0099846_1001258_____Ga0099846_1001_25813_CDS,196,785
1060,3300009163_____Ga0114970_10000439_____Ga0114970_100_0043922_CDS,374,1471
1061,3300009164_____Ga0114975_10000616_____Ga0114975_100_0061612_CDS,512,2143
1062,3300009183_____Ga0114974_10000724_____Ga0114974_100_0072410_CDS,514,2141
1063,3300001097_____JGIcombinedJ13537_10000434_____JGIco_mbinedJ13537_1000043413_CDS,189,900
1064,3300005861_____Ga0080006_1175989_____Ga0080006_1175_9892_CDS,1043,3880
1065,3300007640_____Ga0070751_1001973_____Ga0070751_1001_9738_CDS,407,1204
1066,3300002307_____JGI24890J29729_1000712_____JGI24890J_29729_100071215_CDS,125,523
1067,3300010157_____Ga0114964_10000599_____Ga0114964_100_0059913_CDS,1310,3901
1068,3300007538_____Ga0099851_1000248_____Ga0099851_1000_2481_CDS,13271,54184
1069,3300005528_____Ga0068872_10004051_____Ga0068872_100_040515_CDS,350,1243
1070,3300007541_____Ga0099848_1000347_____Ga0099848_1000_34717_CDS,344,1267
1071,3300012533_____Ga0138256_10005174_____Ga0138256_100_051749_CDS,441,1593
1072,3300002301_____JGI24891J29808_1000608_____JGI24891J_29808_100060813_CDS,363,1104
1073,3300009151_____Ga0114962_10000711_____Ga0114962_100_0071117_CDS,240,714
1074,3300002301_____JGI24891J29808_1000608_____JGI24891J_29808_100060814_CDS,79,353
1075,3300013132_____Ga0172372_10006529_____Ga0172372_100_065295_CDS,79,389
1076,3300003860_____Ga0031658_1000156_____Ga0031658_1000_1565_CDS,271,1196
1077,3300003860_____Ga0031658_1000156_____Ga0031658_1000_1566_CDS,274,1193
1078,3300009151_____Ga0114962_10000711_____Ga0114962_100_0071113_CDS,167,688
1079,3300006119_____Ga0007866_1000399_____Ga0007866_1000_3996_CDS,339,1011
1080,3300009151_____Ga0114962_10001148_____Ga0114962_100_0114822_CDS,358,1019
1081,3300005861_____Ga0080006_1218239_____Ga0080006_1218_23914_CDS,397,1421
1082,3300005861_____Ga0080006_1218239_____Ga0080006_1218_23915_CDS,341,1315
1083,3300007541_____Ga0099848_1000347_____Ga0099848_1000_3471_CDS,705,2877
1084,3300007345_____Ga0070752_1001124_____Ga0070752_1001_1242_CDS,679,2813
1085,3300009158_____Ga0114977_10001471_____Ga0114977_100_0147115_CDS,191,763
1086,3300009160_____Ga0114981_10000712_____Ga0114981_100_007128_CDS,95,409
1087,3300007541_____Ga0099848_1001706_____Ga0099848_1001_7066_CDS,546,1713
1088,3300006484_____Ga0070744_10000380_____Ga0070744_100_003801_CDS,511,1397
1089,3300012128_____Ga0136582_1000547_____Ga0136582_1000_5476_CDS,779,2695
1090,3300009160_____Ga0114981_10000978_____Ga0114981_100_0097810_CDS,403,1451
1091,3300010885_____Ga0133913_10023783_____Ga0133913_100_237832_CDS,418,1481
1092,3300009154_____Ga0114963_10000678_____Ga0114963_100_006782_CDS,375,1452
1093,3300009180_____Ga0114979_10001471_____Ga0114979_100_0147120_CDS,373,1769
1094,3300009151_____Ga0114962_10000711_____Ga0114962_100_0071116_CDS,165,636
1095,3300009185_____Ga0114971_10002619_____Ga0114971_100_026191_CDS,164,655
1096,3300005528_____Ga0068872_10004051_____Ga0068872_100_040512_CDS,351,1350
1097,3300010157_____Ga0114964_10000599_____Ga0114964_100_0059918_CDS,345,879
1098,3300009154_____Ga0114963_10000678_____Ga0114963_100_0067822_CDS,116,514
1099,3300009164_____Ga0114975_10000427_____Ga0114975_100_0042730_CDS,448,1460
1100,3300009151_____Ga0114962_10000711_____Ga0114962_100_0071115_CDS,1262,3994
1101,3300010158_____Ga0114960_10000582_____Ga0114960_100_0058212_CDS,1272,3984
1102,3300009154_____Ga0114963_10000678_____Ga0114963_100_0067820_CDS,556,2072
1103,3300006117_____Ga0007818_1000137_____Ga0007818_1000_13710_CDS,381,1257
1104,3300006127_____Ga0007805_1000719_____Ga0007805_1000_7197_CDS,383,1273
1105,3300009154_____Ga0114963_10000931_____Ga0114963_100_009318_CDS,1899,5967
1106,3300002307_____JGI24890J29729_1000225_____JGI24890J_29729_100022515_CDS,1583,5851
1107,3300005527_____Ga0068876_10003849_____Ga0068876_100_038498_CDS,975,3147
1108,3300003375_____JGI26470J50227_1000268_____JGI26470J_50227_10002686_CDS,449,1486
1109,3300005528_____Ga0068872_10004051_____Ga0068872_100_040516_CDS,349,1289
1110,3300006916_____Ga0070750_10000267_____Ga0070750_100_0026730_CDS,160,722
1111,3300014492_____Ga0182013_10004507_____Ga0182013_100_045072_CDS,532,2042
1112,3300009154_____Ga0114963_10000931_____Ga0114963_100_0093111_CDS,884,3238
1113,3300010885_____Ga0133913_10023783_____Ga0133913_100_237834_CDS,223,911
1114,3300009158_____Ga0114977_10001724_____Ga0114977_100_017249_CDS,723,2040
1115,3300013131_____Ga0172373_10004492_____Ga0172373_100_044928_CDS,365,1174
1116,3300009151_____Ga0114962_10001148_____Ga0114962_100_011483_CDS,259,857
